{"stats":{"minecraft:used":{"minecraft:cherry_sapling":76,"minecraft:iron_shovel":142,"minecraft:diamond_hoe":4,"minecraft:chest":4,"minecraft:shield":29,"minecraft:iron_sword":120,"minecraft:iron_chestplate":2,"minecraft:torch":48,"minecraft:dirt":8,"minecraft:carrot":29,"minecraft:iron_hoe":42,"minecraft:wooden_axe":62,"minecraft:iron_axe":245,"minecraft:iron_helmet":2,"minecraft:iron_boots":1,"minecraft:bamboo":36,"minecraft:furnace":4,"minecraft:egg":3,"minecraft:cooked_beef":12,"minecraft:cherry_fence":8,"minecraft:cherry_log":10,"minecraft:iron_leggings":1,"minecraft:wheat_seeds":1,"minecraft:cooked_mutton":10,"minecraft:water_bucket":3,"minecraft:stone_pickaxe":131,"minecraft:wooden_pickaxe":36,"minecraft:cherry_planks":132,"minecraft:diamond_axe":71,"minecraft:crafting_table":7,"minecraft:white_bed":5,"minecraft:apple":1,"minecraft:cherry_door":2,"minecraft:iron_pickaxe":505,"minecraft:stone_axe":84,"minecraft:cherry_stairs":14,"minecraft:cooked_porkchop":3,"minecraft:bucket":4,"minecraft:bone_meal":76},"minecraft:picked_up":{"minecraft:crafting_table":6,"minecraft:iron_chestplate":1,"minecraft:lead":1,"minecraft:wooden_pickaxe":2,"minecraft:shield":2,"minecraft:raw_copper":7,"minecraft:iron_axe":1,"minecraft:iron_shovel":2,"minecraft:cobbled_deepslate":276,"minecraft:beef":19,"minecraft:iron_pickaxe":1,"minecraft:chest":1,"minecraft:furnace":5,"minecraft:egg":3,"minecraft:stick":98,"minecraft:raw_iron":25,"minecraft:cherry_stairs":18,"minecraft:copper_ingot":6,"minecraft:torch":85,"minecraft:acacia_log":19,"minecraft:porkchop":27,"minecraft:cherry_log":205,"minecraft:carrot":242,"minecraft:redstone":5,"minecraft:dark_oak_planks":2,"minecraft:cherry_fence_gate":2,"minecraft:arrow":27,"minecraft:rotten_flesh":13,"minecraft:deepslate_bricks":3,"minecraft:cracked_deepslate_bricks":3,"minecraft:deepslate_brick_stairs":1,"minecraft:mutton":11,"minecraft:white_wool":10,"minecraft:cobblestone":243,"minecraft:cooked_beef":30,"minecraft:cherry_planks":1262,"minecraft:andesite":12,"minecraft:leather":14,"minecraft:flint":5,"minecraft:tuff":10,"minecraft:oak_log":6,"minecraft:cherry_fence":2,"minecraft:cherry_door":2,"minecraft:dirt":142,"minecraft:cooked_mutton":9,"minecraft:bone":9,"minecraft:apple":1,"minecraft:wheat_seeds":6,"minecraft:iron_ingot":148,"minecraft:stone_pickaxe":2,"minecraft:bamboo":166,"minecraft:iron_sword":5,"minecraft:cooked_porkchop":42,"minecraft:gravel":34,"minecraft:white_bed":4,"minecraft:spruce_log":1,"minecraft:spider_eye":2,"minecraft:diamond":7,"minecraft:stone_axe":1,"minecraft:iron_helmet":1,"minecraft:granite":3,"minecraft:diamond_axe":2,"minecraft:cherry_sapling":107,"minecraft:gray_wool":1,"minecraft:emerald":3,"minecraft:coal":158},"minecraft:broken":{"minecraft:stone_pickaxe":1,"minecraft:iron_axe":1,"minecraft:iron_pickaxe":2,"minecraft:wooden_axe":1},"minecraft:mined":{"minecraft:dark_oak_planks":2,"minecraft:tuff":10,"minecraft:white_bed":4,"minecraft:deepslate_diamond_ore":7,"minecraft:cherry_log":194,"minecraft:cherry_sapling":6,"minecraft:granite":3,"minecraft:acacia_log":19,"minecraft:grass_block":76,"minecraft:deepslate_bricks":2,"minecraft:sculk_catalyst":1,"minecraft:furnace":3,"minecraft:iron_ore":25,"minecraft:andesite":12,"minecraft:sculk_shrieker":1,"minecraft:deepslate_brick_stairs":1,"minecraft:stone":178,"minecraft:cherry_stairs":12,"minecraft:deepslate_redstone_ore":1,"minecraft:cherry_planks":73,"minecraft:powder_snow":10,"minecraft:crafting_table":4,"minecraft:torch":1,"minecraft:short_grass":43,"minecraft:emerald_ore":1,"minecraft:sculk_sensor":4,"minecraft:tall_grass":6,"minecraft:copper_ore":2,"minecraft:cracked_deepslate_bricks":3,"minecraft:sculk":3,"minecraft:wall_torch":1,"minecraft:gray_wool":1,"minecraft:spruce_log":1,"minecraft:oak_log":6,"minecraft:coal_ore":78,"minecraft:cherry_leaves":27,"minecraft:gravel":39,"minecraft:dirt":57,"minecraft:deepslate":276},"minecraft:dropped":{"minecraft:wheat_seeds":2,"minecraft:lapis_lazuli":1,"minecraft:crafting_table":1,"minecraft:lead":1,"minecraft:coal":21,"minecraft:cherry_fence_gate":1,"minecraft:dirt":1,"minecraft:torch":44,"minecraft:cherry_door":3,"minecraft:white_wool":4,"minecraft:bone":1,"minecraft:rotten_flesh":7,"minecraft:deepslate_bricks":1,"minecraft:andesite":1,"minecraft:bamboo":2,"minecraft:arrow":2,"minecraft:wooden_pickaxe":1,"minecraft:cherry_fence":1},"minecraft:killed_by":{"minecraft:enderman":1,"minecraft:warden":1,"minecraft:skeleton":1,"minecraft:zombie":1},"minecraft:custom":{"minecraft:mob_kills":64,"minecraft:interact_with_crafting_table":33,"minecraft:open_barrel":7,"minecraft:open_shulker_box":2,"minecraft:leave_game":9,"minecraft:time_since_death":2645,"minecraft:climb_one_cm":8426,"minecraft:sprint_one_cm":654138,"minecraft:walk_one_cm":889945,"minecraft:damage_blocked_by_shield":1190,"minecraft:drop":21,"minecraft:talked_to_villager":4,"minecraft:play_time":199243,"minecraft:deaths":4,"minecraft:sneak_time":9106,"minecraft:walk_under_water_one_cm":1927,"minecraft:boat_one_cm":1073,"minecraft:jump":1862,"minecraft:interact_with_blast_furnace":16,"minecraft:walk_on_water_one_cm":6160,"minecraft:total_world_time":199243,"minecraft:interact_with_furnace":27,"minecraft:sleep_in_bed":8,"minecraft:time_since_rest":2685,"minecraft:damage_taken":3571,"minecraft:damage_dealt":8638,"minecraft:swim_one_cm":9981,"minecraft:fly_one_cm":139134,"minecraft:open_chest":40,"minecraft:crouch_one_cm":39164,"minecraft:interact_with_smoker":3,"minecraft:fall_one_cm":30727},"minecraft:killed":{"minecraft:spider":3,"minecraft:skeleton":8,"minecraft:piglin":1,"minecraft:pig":10,"minecraft:creeper":1,"minecraft:sheep":7,"minecraft:zombie":16,"minecraft:cow":9},"minecraft:crafted":{"minecraft:cherry_planks":728,"minecraft:oak_planks":24,"minecraft:diamond_hoe":1,"minecraft:furnace":1,"minecraft:bone_meal":12,"minecraft:cooked_mutton":11,"minecraft:iron_boots":1,"minecraft:iron_hoe":1,"minecraft:cherry_stairs":8,"minecraft:stone_pickaxe":1,"minecraft:chest":3,"minecraft:cherry_fence":9,"minecraft:cherry_fence_gate":1,"minecraft:cooked_beef":18,"minecraft:cooked_porkchop":21,"minecraft:crafting_table":4,"minecraft:spruce_planks":4,"minecraft:wooden_pickaxe":1,"minecraft:iron_helmet":2,"minecraft:iron_sword":1,"minecraft:copper_ingot":6,"minecraft:bucket":1,"minecraft:stone_axe":1,"minecraft:air":0,"minecraft:iron_chestplate":2,"minecraft:diamond_pickaxe":1,"minecraft:shield":1,"minecraft:stick":51,"minecraft:iron_ingot":20,"minecraft:iron_pickaxe":3,"minecraft:wooden_axe":1,"minecraft:iron_leggings":1,"minecraft:iron_shovel":1,"minecraft:cherry_door":3,"minecraft:gold_ingot":33,"minecraft:white_bed":1,"minecraft:acacia_planks":76,"minecraft:torch":96}},"DataVersion":3953}