{"stats":{"minecraft:broken":{"minecraft:wooden_sword":1},"minecraft:mined":{"minecraft:white_bed":2,"minecraft:carrots":4,"minecraft:wheat":1,"minecraft:dandelion":1,"minecraft:yellow_bed":4,"minecraft:crafting_table":2,"minecraft:short_grass":55,"minecraft:grass_block":4,"minecraft:potatoes":5,"minecraft:oak_log":61,"minecraft:poppy":2,"minecraft:chest":1,"minecraft:dirt":1,"minecraft:tall_grass":13,"minecraft:sugar_cane":6,"minecraft:oak_leaves":5,"minecraft:wall_torch":7},"minecraft:used":{"minecraft:wooden_axe":54,"minecraft:chicken":2,"minecraft:wooden_sword":138,"minecraft:mutton":10,"minecraft:beef":2,"minecraft:crafting_table":3,"minecraft:porkchop":8,"minecraft:carrot":14,"minecraft:white_bed":1,"minecraft:yellow_bed":3},"minecraft:custom":{"minecraft:time_since_rest":22778,"minecraft:sprint_one_cm":369510,"minecraft:damage_taken":410,"minecraft:walk_one_cm":186551,"minecraft:mob_kills":20,"minecraft:drop":7,"minecraft:damage_dealt":1620,"minecraft:interact_with_cartography_table":2,"minecraft:interact_with_crafting_table":4,"minecraft:fly_one_cm":53327,"minecraft:open_chest":2,"minecraft:play_time":56686,"minecraft:crouch_one_cm":351,"minecraft:interact_with_loom":1,"minecraft:sneak_time":155,"minecraft:walk_under_water_one_cm":1143,"minecraft:jump":655,"minecraft:leave_game":7,"minecraft:time_since_death":56686,"minecraft:walk_on_water_one_cm":2019,"minecraft:total_world_time":56686,"minecraft:sleep_in_bed":3,"minecraft:climb_one_cm":7827,"minecraft:fall_one_cm":11478},"minecraft:dropped":{"minecraft:wheat_seeds":1,"minecraft:carrot":6},"minecraft:crafted":{"minecraft:wooden_sword":2,"minecraft:oak_planks":40,"minecraft:crafting_table":1,"minecraft:stick":8,"minecraft:wooden_pickaxe":1,"minecraft:wooden_axe":2},"minecraft:picked_up":{"minecraft:crafting_table":2,"minecraft:feather":7,"minecraft:chicken":6,"minecraft:leather":4,"minecraft:torch":7,"minecraft:potato":19,"minecraft:porkchop":10,"minecraft:oak_log":56,"minecraft:carrot":23,"minecraft:yellow_bed":4,"minecraft:white_bed":2,"minecraft:spider_eye":2,"minecraft:dirt":4,"minecraft:string":2,"minecraft:rotten_flesh":1,"minecraft:wheat_seeds":8,"minecraft:beef":7,"minecraft:gray_wool":1,"minecraft:poppy":2,"minecraft:oak_sapling":1,"minecraft:chest":1,"minecraft:sugar_cane":16,"minecraft:mutton":10,"minecraft:white_wool":5,"minecraft:egg":2},"minecraft:killed":{"minecraft:sheep":6,"minecraft:zombie":1,"minecraft:pig":4,"minecraft:chicken":6,"minecraft:cow":3}},"DataVersion":3953}