{"stats":{"minecraft:picked_up":{"minecraft:iron_chestplate":3,"minecraft:wheat":4,"minecraft:ender_chest":1,"minecraft:diamond_sword":2,"minecraft:oak_stairs":16,"minecraft:potion":2,"minecraft:enchanted_book":2,"minecraft:brewing_stand":1,"minecraft:string":2131,"minecraft:raw_copper":68,"minecraft:iron_leggings":2,"minecraft:diamond_leggings":1,"minecraft:cobbled_deepslate":1709,"minecraft:gold_nugget":119,"minecraft:bucket":4,"minecraft:trial_key":10,"minecraft:netherite_upgrade_smithing_template":4,"minecraft:iron_pickaxe":4,"minecraft:furnace":5,"minecraft:iron_boots":3,"minecraft:tipped_arrow":19,"minecraft:stick":257,"minecraft:composter":3,"minecraft:torch":237,"minecraft:acacia_log":8,"minecraft:cherry_log":32,"minecraft:waxed_copper_grate":6,"minecraft:pointed_dripstone":3,"minecraft:diorite":37,"minecraft:stone_sword":1,"minecraft:rotten_flesh":28,"minecraft:cobblestone":806,"minecraft:pink_petals":2,"minecraft:feather":4,"minecraft:cooked_beef":8,"minecraft:andesite":29,"minecraft:cherry_leaves":16,"minecraft:water_bucket":2,"minecraft:jungle_log":2,"minecraft:acacia_leaves":1,"minecraft:potato":3,"minecraft:flint":6,"minecraft:tuff":91,"minecraft:lapis_lazuli":12,"minecraft:dirt":473,"minecraft:bone":25,"minecraft:bow":5,"minecraft:wheat_seeds":49,"minecraft:bolt_armor_trim_smithing_template":1,"minecraft:diamond_helmet":1,"minecraft:bamboo":1,"minecraft:scrape_pottery_sherd":1,"minecraft:oak_planks":524,"minecraft:waxed_oxidized_copper_trapdoor":2,"minecraft:cooked_porkchop":2,"minecraft:stripped_spruce_log":130,"minecraft:grass_block":1,"minecraft:shulker_box":24,"minecraft:mossy_cobblestone":7,"minecraft:dispenser":2,"minecraft:diamond":69,"minecraft:deepslate":25,"minecraft:lever":1,"minecraft:granite":25,"minecraft:crossbow":3,"minecraft:breeze_rod":3,"minecraft:bone_meal":2,"minecraft:golden_apple":1,"minecraft:emerald":42,"minecraft:bread":1,"minecraft:oak_sapling":3,"minecraft:netherrack":1145,"minecraft:oak_leaves":273,"minecraft:diamond_pickaxe":3,"minecraft:spruce_leaves":407,"minecraft:waxed_oxidized_cut_copper":4,"minecraft:crafting_table":9,"minecraft:ominous_bottle":2,"minecraft:chicken":1,"minecraft:brick":156,"minecraft:shield":5,"minecraft:wind_charge":8,"minecraft:iron_axe":2,"minecraft:item_frame":7,"minecraft:blackstone":68,"minecraft:beef":1,"minecraft:spruce_slab":3,"minecraft:guster_pottery_sherd":3,"minecraft:sugar_cane":53,"minecraft:chest":5,"minecraft:birch_sapling":6,"minecraft:phantom_membrane":1,"minecraft:waxed_oxidized_copper":3,"minecraft:egg":7,"minecraft:dark_oak_sapling":3,"minecraft:raw_iron":68,"minecraft:oak_door":1,"minecraft:flow_pottery_sherd":3,"minecraft:trident":1,"minecraft:carrot":736,"minecraft:arrow":104,"minecraft:diamond_chestplate":3,"minecraft:decorated_pot":2,"minecraft:beetroot_seeds":2,"minecraft:diamond_boots":1,"minecraft:tuff_bricks":43,"minecraft:mutton":2,"minecraft:bone_block":71,"minecraft:white_wool":4,"minecraft:golden_carrot":2,"minecraft:leather":2,"minecraft:waxed_copper_bulb":1,"minecraft:oak_log":104,"minecraft:waxed_copper_block":8,"minecraft:ancient_debris":14,"minecraft:golden_boots":1,"minecraft:yellow_bed":3,"minecraft:white_banner":2,"minecraft:cooked_mutton":16,"minecraft:apple":2,"minecraft:iron_ingot":29,"minecraft:stone_pickaxe":2,"minecraft:iron_sword":3,"minecraft:book":36,"minecraft:warped_fungus":1,"minecraft:dripstone_block":1,"minecraft:gravel":52,"minecraft:spruce_sapling":348,"minecraft:white_bed":10,"minecraft:spruce_log":3222,"minecraft:green_carpet":2,"minecraft:spider_eye":2,"minecraft:polished_tuff":2,"minecraft:diamond_shovel":1,"minecraft:slime_ball":4,"minecraft:stone_axe":2,"minecraft:short_grass":1,"minecraft:iron_helmet":3,"minecraft:diamond_axe":2,"minecraft:cherry_sapling":1,"minecraft:warped_roots":2,"minecraft:oak_button":1,"minecraft:baked_potato":2,"minecraft:hopper":19,"minecraft:warped_nylium":1,"minecraft:chiseled_tuff_bricks":2,"minecraft:coal":57,"minecraft:sunflower":2,"minecraft:ender_pearl":26},"minecraft:used":{"minecraft:tuff_bricks":26,"minecraft:spruce_slab":1,"minecraft:chest":42,"minecraft:decorated_pot":2,"minecraft:shield":28,"minecraft:iron_sword":149,"minecraft:mutton":2,"minecraft:carrot":402,"minecraft:waxed_copper_grate":2,"minecraft:acacia_sapling":1,"minecraft:tuff":50,"minecraft:waxed_oxidized_copper":3,"minecraft:item_frame":6,"minecraft:oak_sapling":10,"minecraft:furnace":4,"minecraft:egg":3,"minecraft:potato":3,"minecraft:dark_oak_sapling":3,"minecraft:diorite":6,"minecraft:oak_planks":24,"minecraft:stone_pickaxe":530,"minecraft:ender_pearl":4,"minecraft:wooden_pickaxe":5,"minecraft:composter":2,"minecraft:diamond_axe":3438,"minecraft:golden_apple":2,"minecraft:shears":715,"minecraft:lever":1,"minecraft:string":6,"minecraft:bread":21,"minecraft:diamond_sword":502,"minecraft:oak_trapdoor":2,"minecraft:bone_meal":322,"minecraft:experience_bottle":3,"minecraft:stone_sword":24,"minecraft:trial_key":9,"minecraft:netherrack":384,"minecraft:oak_door":1,"minecraft:torch":162,"minecraft:dirt":192,"minecraft:anvil":1,"minecraft:hopper":13,"minecraft:shulker_box":4,"minecraft:granite":2,"minecraft:bookshelf":12,"minecraft:iron_axe":2,"minecraft:tripwire_hook":2,"minecraft:beef":1,"minecraft:cooked_beef":6,"minecraft:cobbled_deepslate":252,"minecraft:wheat_seeds":1,"minecraft:cooked_mutton":8,"minecraft:water_bucket":37,"minecraft:waxed_oxidized_cut_copper":4,"minecraft:mossy_cobblestone":6,"minecraft:crafting_table":9,"minecraft:white_bed":21,"minecraft:spruce_log":161,"minecraft:oak_log":11,"minecraft:diamond_pickaxe":2317,"minecraft:diamond_shovel":272,"minecraft:chicken":1,"minecraft:iron_pickaxe":764,"minecraft:spruce_sapling":183,"minecraft:stone_axe":43,"minecraft:green_carpet":2,"minecraft:cobblestone":273,"minecraft:white_banner":1,"minecraft:cooked_porkchop":7,"minecraft:bucket":38,"minecraft:yellow_bed":3},"minecraft:broken":{"minecraft:shears":3,"minecraft:iron_boots":1,"minecraft:stone_pickaxe":4,"minecraft:diamond_pickaxe":1,"minecraft:diamond_axe":2,"minecraft:iron_pickaxe":1,"minecraft:iron_helmet":1},"minecraft:mined":{"minecraft:oak_sapling":2,"minecraft:granite":21,"minecraft:acacia_log":11,"minecraft:grass_block":230,"minecraft:jungle_log":2,"minecraft:white_concrete":4,"minecraft:chiseled_tuff_bricks":2,"minecraft:composter":1,"minecraft:hopper":3,"minecraft:tuff_bricks":47,"minecraft:iron_ore":32,"minecraft:cobbled_deepslate":18,"minecraft:fire":191,"minecraft:polished_tuff":3,"minecraft:deepslate_lapis_ore":2,"minecraft:pointed_dripstone":1,"minecraft:dirt_path":8,"minecraft:oak_stairs":8,"minecraft:green_carpet":2,"minecraft:spruce_slab":1,"minecraft:tripwire":3,"minecraft:blackstone":50,"minecraft:torch":35,"minecraft:chest":5,"minecraft:cobblestone":57,"minecraft:sugar_cane":28,"minecraft:oak_planks":14,"minecraft:wall_torch":55,"minecraft:deepslate_copper_ore":4,"minecraft:waxed_copper_bulb":1,"minecraft:waxed_oxidized_copper_trapdoor":1,"minecraft:wheat":12,"minecraft:waxed_copper_block":11,"minecraft:oak_log":104,"minecraft:beetroots":2,"minecraft:waxed_oxidized_copper":4,"minecraft:dark_oak_sapling":3,"minecraft:dirt":138,"minecraft:dispenser":2,"minecraft:netherrack":650,"minecraft:ancient_debris":12,"minecraft:oak_leaves":295,"minecraft:deepslate":1687,"minecraft:nether_gold_ore":36,"minecraft:tuff":93,"minecraft:mossy_cobblestone":9,"minecraft:deepslate_diamond_ore":63,"minecraft:oak_door":1,"minecraft:shulker_box":4,"minecraft:decorated_pot":43,"minecraft:spruce_leaves":464,"minecraft:waxed_oxidized_cut_copper":4,"minecraft:spruce_sapling":27,"minecraft:furnace":3,"minecraft:carrots":171,"minecraft:waxed_copper_grate":5,"minecraft:andesite":29,"minecraft:stripped_spruce_log":19,"minecraft:chiseled_tuff":2,"minecraft:bookshelf":12,"minecraft:potatoes":1,"minecraft:deepslate_iron_ore":35,"minecraft:stone":515,"minecraft:podzol":14,"minecraft:acacia_leaves":3,"minecraft:dandelion":1,"minecraft:crafting_table":7,"minecraft:short_grass":131,"minecraft:tall_grass":31,"minecraft:copper_ore":9,"minecraft:diorite":24,"minecraft:spruce_log":3229,"minecraft:yellow_bed":3,"minecraft:coal_ore":38,"minecraft:cherry_leaves":16,"minecraft:sunflower":4,"minecraft:gravel":31,"minecraft:dripstone_block":1},"minecraft:dropped":{"minecraft:short_grass":1,"minecraft:diamond_axe":2,"minecraft:lapis_lazuli":12,"minecraft:warped_fungus":1,"minecraft:cooked_beef":2,"minecraft:baked_potato":2,"minecraft:oak_log":85,"minecraft:ender_pearl":16,"minecraft:crafting_table":1,"minecraft:dark_oak_sapling":1,"minecraft:warped_roots":2,"minecraft:leather":2,"minecraft:flint":4,"minecraft:dirt":113,"minecraft:cherry_leaves":16,"minecraft:wooden_sword":1,"minecraft:bone_meal":2,"minecraft:sunflower":2,"minecraft:iron_pickaxe":1,"minecraft:white_wool":1,"minecraft:oak_door":3,"minecraft:gravel":31,"minecraft:stone_axe":1,"minecraft:blackstone":28,"minecraft:lever":1,"minecraft:cobbled_deepslate":4,"minecraft:wheat":1,"minecraft:birch_sapling":6,"minecraft:pointed_dripstone":3,"minecraft:rotten_flesh":10,"minecraft:oak_planks":517,"minecraft:diamond_shovel":1,"minecraft:cooked_mutton":4,"minecraft:waxed_copper_block":7,"minecraft:carrot":31,"minecraft:beetroot_seeds":1,"minecraft:jungle_log":2,"minecraft:acacia_sapling":1,"minecraft:netherrack":338,"minecraft:egg":4,"minecraft:enchanted_book":4,"minecraft:water_bucket":2,"minecraft:golden_boots":1,"minecraft:bread":1,"minecraft:stripped_spruce_log":1,"minecraft:wheat_seeds":31,"minecraft:cherry_log":32,"minecraft:dripstone_block":1,"minecraft:diamond_leggings":1,"minecraft:feather":2,"minecraft:cobblestone":93,"minecraft:waxed_copper_grate":3,"minecraft:granite":2,"minecraft:spruce_stairs":8,"minecraft:grass_block":1,"minecraft:coal":23,"minecraft:stick":53,"minecraft:diorite":16,"minecraft:golden_carrot":1,"minecraft:brewing_stand":1,"minecraft:torch":1,"minecraft:waxed_copper_bulb":1,"minecraft:diamond_helmet":1,"minecraft:oak_stairs":8,"minecraft:white_banner":1,"minecraft:string":637,"minecraft:pink_petals":2,"minecraft:furnace":1,"minecraft:warped_nylium":1,"minecraft:ender_chest":1,"minecraft:raw_copper":47,"minecraft:deepslate":25,"minecraft:tuff":7,"minecraft:composter":1,"minecraft:raw_iron":12,"minecraft:diamond_sword":1,"minecraft:shield":1,"minecraft:oak_button":1,"minecraft:diamond_chestplate":2,"minecraft:iron_chestplate":1,"minecraft:oak_sapling":1,"minecraft:bamboo":1,"minecraft:diamond_boots":1,"minecraft:stone_pickaxe":1,"minecraft:bow":3,"minecraft:wooden_pickaxe":1,"minecraft:brick":69,"minecraft:waxed_oxidized_copper_trapdoor":2},"minecraft:killed_by":{"minecraft:piglin":1,"minecraft:player":1,"minecraft:stray":1,"minecraft:enderman":1},"minecraft:custom":{"minecraft:interact_with_crafting_table":63,"minecraft:open_barrel":22,"minecraft:open_shulker_box":11,"minecraft:leave_game":11,"minecraft:time_since_death":299093,"minecraft:sprint_one_cm":1664130,"minecraft:damage_blocked_by_shield":390,"minecraft:drop":323,"minecraft:talked_to_villager":250,"minecraft:play_time":734328,"minecraft:deaths":9,"minecraft:jump":11615,"minecraft:walk_on_water_one_cm":36996,"minecraft:interact_with_furnace":42,"minecraft:traded_with_villager":876,"minecraft:sleep_in_bed":24,"minecraft:open_enderchest":3,"minecraft:damage_dealt":33147,"minecraft:player_kills":2,"minecraft:crouch_one_cm":115713,"minecraft:interact_with_smoker":1,"minecraft:interact_with_smithing_table":5,"minecraft:inspect_dispenser":8,"minecraft:interact_with_anvil":7,"minecraft:mob_kills":280,"minecraft:inspect_hopper":8,"minecraft:climb_one_cm":34973,"minecraft:walk_one_cm":1611470,"minecraft:raid_win":1,"minecraft:sneak_time":47116,"minecraft:walk_under_water_one_cm":69955,"minecraft:total_world_time":734328,"minecraft:time_since_rest":34470,"minecraft:damage_taken":10059,"minecraft:damage_absorbed":80,"minecraft:swim_one_cm":34401,"minecraft:fly_one_cm":2320903,"minecraft:open_chest":677,"minecraft:fall_one_cm":239240},"minecraft:killed":{"minecraft:spider":4,"minecraft:skeleton":4,"minecraft:chicken":2,"minecraft:silverfish":36,"minecraft:creeper":1,"minecraft:sheep":1,"minecraft:pillager":2,"minecraft:goat":2,"minecraft:zombie":24,"minecraft:stray":22,"minecraft:cow":4,"minecraft:phantom":1,"minecraft:breeze":2,"minecraft:enderman":170},"minecraft:crafted":{"minecraft:oak_planks":776,"minecraft:cooked_chicken":4,"minecraft:lever":1,"minecraft:diamond_shovel":1,"minecraft:bookshelf":12,"minecraft:diamond_helmet":3,"minecraft:diamond_leggings":3,"minecraft:iron_boots":3,"minecraft:chest":37,"minecraft:netherite_helmet":1,"minecraft:oak_button":8,"minecraft:emerald":833,"minecraft:cooked_porkchop":5,"minecraft:diamond_axe":4,"minecraft:crafting_table":4,"minecraft:spruce_planks":2272,"minecraft:wooden_pickaxe":1,"minecraft:iron_helmet":4,"minecraft:birch_planks":4,"minecraft:iron_chestplate":3,"minecraft:paper":27,"minecraft:diamond_pickaxe":4,"minecraft:shield":1,"minecraft:stick":120,"minecraft:iron_ingot":4,"minecraft:iron_pickaxe":4,"minecraft:stone_sword":1,"minecraft:gold_ingot":14,"minecraft:netherite_ingot":3,"minecraft:shears":3,"minecraft:cherry_planks":88,"minecraft:wooden_sword":1,"minecraft:oak_door":3,"minecraft:coal":14,"minecraft:tripwire_hook":2,"minecraft:experience_bottle":3,"minecraft:furnace":2,"minecraft:bone_meal":639,"minecraft:oak_trapdoor":2,"minecraft:netherite_chestplate":1,"minecraft:spruce_stairs":200,"minecraft:stone_pickaxe":4,"minecraft:diamond_boots":3,"minecraft:netherite_scrap":9,"minecraft:sugar":23,"minecraft:diamond_sword":1,"minecraft:iron_sword":3,"minecraft:bucket":1,"minecraft:stone_axe":1,"minecraft:enchanted_book":18,"minecraft:bread":21,"minecraft:air":0,"minecraft:iron_leggings":5,"minecraft:anvil":1,"minecraft:white_bed":21,"minecraft:torch":52,"minecraft:diamond_chestplate":3}},"DataVersion":3953}