{"stats":{"minecraft:mined":{"minecraft:short_grass":2},"minecraft:killed_by":{"minecraft:zombie":1},"minecraft:custom":{"minecraft:jump":55,"minecraft:time_since_rest":325,"minecraft:damage_dealt":203,"minecraft:leave_game":1,"minecraft:deaths":1,"minecraft:sprint_one_cm":4118,"minecraft:play_time":1512,"minecraft:damage_taken":320,"minecraft:time_since_death":299,"minecraft:walk_one_cm":3873,"minecraft:total_world_time":1512,"minecraft:mob_kills":1,"minecraft:drop":1,"minecraft:fall_one_cm":4329,"minecraft:fly_one_cm":12684},"minecraft:dropped":{"minecraft:sunflower":1},"minecraft:picked_up":{"minecraft:sunflower":1},"minecraft:killed":{"minecraft:zombie":1}},"DataVersion":3953}