{"stats":{"minecraft:used":{"minecraft:cherry_sapling":10,"minecraft:oak_sign":3,"minecraft:chest":17,"minecraft:shield":119,"minecraft:iron_sword":532,"minecraft:rotten_flesh":21,"minecraft:iron_chestplate":1,"minecraft:soul_sand":4,"minecraft:carrot":166,"minecraft:tuff":9,"minecraft:obsidian":9,"minecraft:quartz_block":19,"minecraft:stone_bricks":1,"minecraft:item_frame":2,"minecraft:bow":292,"minecraft:oak_sapling":9,"minecraft:furnace":11,"minecraft:egg":1,"minecraft:potato":22,"minecraft:diorite":1,"minecraft:end_stone_bricks":2,"minecraft:oak_planks":41,"minecraft:stone_pickaxe":79,"minecraft:ender_pearl":17,"minecraft:wooden_pickaxe":7,"minecraft:end_stone_brick_slab":12,"minecraft:sugar_cane":25,"minecraft:diamond_axe":1318,"minecraft:glow_berries":9,"minecraft:blast_furnace":4,"minecraft:sticky_piston":7,"minecraft:lever":2,"minecraft:string":3,"minecraft:bread":6,"minecraft:lectern":192,"minecraft:gravel":4,"minecraft:diamond_sword":603,"minecraft:grindstone":2,"minecraft:smithing_table":5,"minecraft:andesite":18,"minecraft:experience_bottle":12,"minecraft:oak_boat":11,"minecraft:oak_fence":70,"minecraft:bone_meal":6,"minecraft:netherite_sword":109,"minecraft:stone_sword":135,"minecraft:flint_and_steel":1,"minecraft:stone_hoe":131,"minecraft:cooked_chicken":6,"minecraft:netherrack":958,"minecraft:torch":194,"minecraft:anvil":3,"minecraft:dirt":41,"minecraft:white_carpet":5,"minecraft:hopper":26,"minecraft:oak_fence_gate":1,"minecraft:bookshelf":12,"minecraft:cherry_fence_gate":1,"minecraft:bamboo":35,"minecraft:golden_carrot":17,"minecraft:netherite_pickaxe":41,"minecraft:minecart":1,"minecraft:cherry_fence":28,"minecraft:cooked_beef":18,"minecraft:cherry_log":1,"minecraft:powder_snow_bucket":2,"minecraft:cobbled_deepslate":365,"minecraft:wheat_seeds":215,"minecraft:cooked_mutton":27,"minecraft:water_bucket":54,"minecraft:birch_planks":6,"minecraft:cherry_planks":3,"minecraft:fletching_table":17,"minecraft:deepslate_bricks":5,"minecraft:cracked_stone_bricks":2,"minecraft:rail":2,"minecraft:crafting_table":19,"minecraft:white_bed":20,"minecraft:smoker":1,"minecraft:diamond_pickaxe":6848,"minecraft:apple":12,"minecraft:iron_pickaxe":250,"minecraft:map":3,"minecraft:spruce_sapling":6,"minecraft:stone_axe":53,"minecraft:pink_petals":3,"minecraft:cobblestone":278,"minecraft:porkchop":9,"minecraft:cooked_porkchop":35,"minecraft:bucket":57,"minecraft:yellow_bed":7,"minecraft:stripped_oak_log":2},"minecraft:picked_up":{"minecraft:iron_chestplate":3,"minecraft:wheat":149,"minecraft:anvil":1,"minecraft:nether_brick_fence":2,"minecraft:smithing_table":3,"minecraft:diamond_sword":1,"minecraft:oak_stairs":3,"minecraft:potion":3,"minecraft:enchanted_book":4,"minecraft:nether_brick":18,"minecraft:golden_sword":16,"minecraft:string":247,"minecraft:raw_copper":2,"minecraft:iron_leggings":2,"minecraft:sticky_piston":8,"minecraft:netherite_ingot":6,"minecraft:oak_sign":2,"minecraft:diamond_leggings":5,"minecraft:gold_nugget":1242,"minecraft:cobbled_deepslate":1325,"minecraft:bucket":4,"minecraft:netherite_upgrade_smithing_template":9,"minecraft:iron_boots":2,"minecraft:furnace":11,"minecraft:golden_helmet":1,"minecraft:stick":283,"minecraft:oak_fence":9,"minecraft:torch":193,"minecraft:porkchop":64,"minecraft:cherry_log":68,"minecraft:diorite":2,"minecraft:cauldron":3,"minecraft:quartz_block":107,"minecraft:stone_sword":2,"minecraft:rotten_flesh":226,"minecraft:red_tulip":1,"minecraft:obsidian":33,"minecraft:iron_bars":1,"minecraft:snowball":20,"minecraft:cobblestone":491,"minecraft:birch_log":20,"minecraft:pink_petals":5,"minecraft:magma_block":10,"minecraft:feather":6,"minecraft:cooked_beef":9,"minecraft:cherry_planks":3,"minecraft:water_bucket":3,"minecraft:andesite":21,"minecraft:potato":32,"minecraft:flint":17,"minecraft:tuff":76,"minecraft:cherry_fence":4,"minecraft:map":5,"minecraft:lapis_lazuli":164,"minecraft:dirt":156,"minecraft:name_tag":1,"minecraft:bone":17,"minecraft:chipped_anvil":1,"minecraft:bow":11,"minecraft:wheat_seeds":344,"minecraft:raw_gold":59,"minecraft:grindstone":2,"minecraft:mossy_stone_bricks":3,"minecraft:fletching_table":20,"minecraft:diamond_helmet":5,"minecraft:bamboo":2330,"minecraft:oak_planks":115,"minecraft:cooked_porkchop":22,"minecraft:warped_wart_block":1,"minecraft:diamond":507,"minecraft:lever":2,"minecraft:granite":28,"minecraft:emerald":97,"minecraft:bread":2,"minecraft:oak_sapling":11,"minecraft:netherrack":2445,"minecraft:crimson_roots":2,"minecraft:diamond_pickaxe":6,"minecraft:end_stone_bricks":14,"minecraft:crafting_table":13,"minecraft:azure_bluet":2,"minecraft:chicken":6,"minecraft:ladder":1,"minecraft:wooden_pickaxe":1,"minecraft:shield":7,"minecraft:cornflower":3,"minecraft:item_frame":1,"minecraft:white_carpet":12,"minecraft:blackstone":54,"minecraft:cracked_stone_bricks":3,"minecraft:netherite_sword":1,"minecraft:beef":14,"minecraft:oak_boat":10,"minecraft:minecart":1,"minecraft:iron_nugget":62,"minecraft:poppy":16,"minecraft:lectern":191,"minecraft:sugar_cane":132,"minecraft:chest":9,"minecraft:egg":1,"minecraft:raw_iron":88,"minecraft:end_stone":23,"minecraft:oak_door":1,"minecraft:fire_charge":1,"minecraft:carrot":258,"minecraft:redstone":93,"minecraft:netherite_pickaxe":1,"minecraft:arrow":429,"minecraft:diamond_chestplate":5,"minecraft:deepslate_bricks":8,"minecraft:diamond_boots":5,"minecraft:gold_ingot":55,"minecraft:glow_berries":9,"minecraft:mutton":27,"minecraft:rail":3,"minecraft:white_wool":16,"minecraft:oxeye_daisy":1,"minecraft:stripped_oak_log":81,"minecraft:golden_carrot":65,"minecraft:glow_ink_sac":4,"minecraft:crimson_stem":1,"minecraft:leather":19,"minecraft:filled_map":4,"minecraft:birch_planks":96,"minecraft:oak_log":302,"minecraft:ancient_debris":48,"minecraft:golden_boots":1,"minecraft:yellow_bed":7,"minecraft:nether_wart_block":1,"minecraft:gunpowder":9,"minecraft:cooked_mutton":9,"minecraft:apple":18,"minecraft:stone_bricks":7,"minecraft:iron_ingot":61,"minecraft:oak_fence_gate":1,"minecraft:stone_pickaxe":3,"minecraft:cooked_chicken":1,"minecraft:iron_sword":4,"minecraft:soul_sand":13,"minecraft:book":72,"minecraft:quartz":2094,"minecraft:dandelion":8,"minecraft:gravel":39,"minecraft:spruce_sapling":7,"minecraft:blast_furnace":3,"minecraft:white_bed":21,"minecraft:spruce_log":125,"minecraft:spider_eye":5,"minecraft:stone_axe":4,"minecraft:iron_helmet":3,"minecraft:diamond_axe":6,"minecraft:cherry_sapling":18,"minecraft:gray_wool":2,"minecraft:warped_roots":11,"minecraft:warped_nylium":1,"minecraft:coal":747,"minecraft:hopper":26,"minecraft:ender_pearl":1041},"minecraft:broken":{"minecraft:golden_helmet":1,"minecraft:diamond_pickaxe":1,"minecraft:stone_sword":1,"minecraft:stone_hoe":1,"minecraft:shield":1,"minecraft:iron_pickaxe":1,"minecraft:iron_helmet":1},"minecraft:mined":{"minecraft:white_bed":18,"minecraft:cherry_log":71,"minecraft:sculk_vein":25,"minecraft:obsidian":35,"minecraft:granite":29,"minecraft:grass_block":53,"minecraft:deepslate_bricks":8,"minecraft:hopper":26,"minecraft:oak_wall_sign":1,"minecraft:oxeye_daisy":1,"minecraft:weeping_vines_plant":1,"minecraft:magma_block":10,"minecraft:iron_ore":25,"minecraft:cobbled_deepslate":28,"minecraft:sticky_piston":7,"minecraft:fire":39,"minecraft:anvil":1,"minecraft:deepslate_lapis_ore":11,"minecraft:fletching_table":18,"minecraft:azure_bluet":1,"minecraft:potted_dandelion":1,"minecraft:cave_vines":2,"minecraft:oak_sign":1,"minecraft:water_cauldron":3,"minecraft:dirt_path":7,"minecraft:oak_stairs":3,"minecraft:iron_bars":4,"minecraft:end_stone_bricks":14,"minecraft:tripwire":3,"minecraft:deepslate_redstone_ore":22,"minecraft:blackstone":32,"minecraft:crimson_nylium":9,"minecraft:torch":3,"minecraft:blast_furnace":3,"minecraft:end_stone_brick_slab":1,"minecraft:chest":9,"minecraft:cobblestone":25,"minecraft:nether_quartz_ore":885,"minecraft:oak_planks":39,"minecraft:sugar_cane":107,"minecraft:grindstone":2,"minecraft:wall_torch":7,"minecraft:cauldron":1,"minecraft:pink_petals":4,"minecraft:cherry_fence":4,"minecraft:warped_nylium":9,"minecraft:nether_wart_block":1,"minecraft:birch_log":20,"minecraft:wheat":132,"minecraft:oak_log":312,"minecraft:oak_fence_gate":1,"minecraft:dirt":35,"minecraft:ancient_debris":37,"minecraft:netherrack":3523,"minecraft:oak_leaves":38,"minecraft:deepslate":1165,"minecraft:nether_gold_ore":103,"minecraft:tuff":79,"minecraft:deepslate_diamond_ore":171,"minecraft:oak_door":1,"minecraft:end_stone":29,"minecraft:lever":2,"minecraft:crimson_roots":2,"minecraft:weeping_vines":1,"minecraft:cartography_table":1,"minecraft:furnace":11,"minecraft:carrots":69,"minecraft:andesite":23,"minecraft:nether_brick_fence":2,"minecraft:bookshelf":19,"minecraft:potatoes":8,"minecraft:deepslate_iron_ore":25,"minecraft:rail":2,"minecraft:stripped_oak_log":83,"minecraft:bamboo":218,"minecraft:stone":371,"minecraft:smithing_table":3,"minecraft:glass_pane":1,"minecraft:cherry_planks":3,"minecraft:infested_stone_bricks":1,"minecraft:dandelion":10,"minecraft:oak_fence":8,"minecraft:crafting_table":10,"minecraft:cornflower":3,"minecraft:short_grass":314,"minecraft:warped_roots":1,"minecraft:lectern":191,"minecraft:tall_grass":52,"minecraft:lapis_ore":6,"minecraft:deepslate_gold_ore":31,"minecraft:sculk":247,"minecraft:diorite":1,"minecraft:warped_wart_block":1,"minecraft:birch_planks":1,"minecraft:birch_leaves":1,"minecraft:white_carpet":3,"minecraft:spruce_log":123,"minecraft:yellow_bed":7,"minecraft:coal_ore":308,"minecraft:cherry_leaves":17,"minecraft:sunflower":1,"minecraft:gravel":31,"minecraft:cobweb":3,"minecraft:cracked_stone_bricks":2,"minecraft:stone_bricks":5,"minecraft:chipped_anvil":1,"minecraft:mossy_stone_bricks":3,"minecraft:gold_ore":3},"minecraft:dropped":{"minecraft:crimson_stem":1,"minecraft:iron_sword":1,"minecraft:soul_sand":9,"minecraft:diamond_axe":1,"minecraft:glow_ink_sac":4,"minecraft:ender_pearl":1394,"minecraft:crafting_table":1,"minecraft:warped_roots":11,"minecraft:cracked_stone_bricks":1,"minecraft:rail":1,"minecraft:flint":16,"minecraft:emerald":1,"minecraft:dirt":82,"minecraft:crimson_roots":2,"minecraft:snowball":20,"minecraft:gold_nugget":70,"minecraft:white_wool":1,"minecraft:bone":15,"minecraft:gold_ingot":37,"minecraft:cauldron":3,"minecraft:oak_door":1,"minecraft:gravel":22,"minecraft:sugar_cane":3,"minecraft:blackstone":54,"minecraft:ancient_debris":11,"minecraft:lever":1,"minecraft:iron_nugget":62,"minecraft:cobbled_deepslate":712,"minecraft:nether_brick":18,"minecraft:netherite_sword":1,"minecraft:obsidian":3,"minecraft:cherry_sapling":4,"minecraft:rotten_flesh":148,"minecraft:oak_planks":14,"minecraft:end_stone":1,"minecraft:nether_brick_fence":2,"minecraft:azure_bluet":2,"minecraft:carrot":64,"minecraft:poppy":22,"minecraft:oak_fence_gate":2,"minecraft:gunpowder":7,"minecraft:ladder":1,"minecraft:end_stone_bricks":7,"minecraft:iron_bars":1,"minecraft:arrow":13,"minecraft:warped_wart_block":1,"minecraft:quartz":70,"minecraft:cherry_fence":12,"minecraft:netherrack":1099,"minecraft:golden_boots":1,"minecraft:iron_ingot":1,"minecraft:oak_slab":8,"minecraft:netherite_pickaxe":1,"minecraft:wheat_seeds":127,"minecraft:golden_helmet":1,"minecraft:diamond_leggings":1,"minecraft:end_stone_brick_slab":1,"minecraft:oak_fence":2,"minecraft:cobblestone":123,"minecraft:book":5,"minecraft:granite":1,"minecraft:coal":15,"minecraft:stick":111,"minecraft:gray_wool":2,"minecraft:diorite":1,"minecraft:golden_carrot":11,"minecraft:torch":1,"minecraft:nether_wart_block":1,"minecraft:diamond_helmet":1,"minecraft:potion":1,"minecraft:iron_leggings":1,"minecraft:oak_stairs":3,"minecraft:paper":3,"minecraft:string":203,"minecraft:pink_petals":2,"minecraft:spruce_sapling":1,"minecraft:dandelion":5,"minecraft:redstone":61,"minecraft:warped_nylium":1,"minecraft:raw_copper":2,"minecraft:deepslate":1,"minecraft:tuff":51,"minecraft:raw_iron":10,"minecraft:white_carpet":1,"minecraft:iron_boots":1,"minecraft:cherry_slab":2,"minecraft:name_tag":1,"minecraft:deepslate_bricks":4,"minecraft:potato":11,"minecraft:shield":1,"minecraft:diamond_chestplate":1,"minecraft:diamond_pickaxe":2,"minecraft:iron_chestplate":1,"minecraft:andesite":3,"minecraft:mossy_stone_bricks":3,"minecraft:oak_sapling":2,"minecraft:golden_sword":16,"minecraft:spider_eye":4,"minecraft:stone_bricks":6,"minecraft:bamboo":14,"minecraft:diamond_boots":1,"minecraft:bow":7,"minecraft:stone_pickaxe":2,"minecraft:wooden_pickaxe":2,"minecraft:red_tulip":1,"minecraft:magma_block":10},"minecraft:killed_by":{"minecraft:zombie":2,"minecraft:enderman":3,"minecraft:iron_golem":2,"minecraft:skeleton":4},"minecraft:custom":{"minecraft:animals_bred":51,"minecraft:interact_with_crafting_table":131,"minecraft:open_barrel":2,"minecraft:open_shulker_box":25,"minecraft:leave_game":18,"minecraft:time_since_death":109817,"minecraft:sprint_one_cm":1517999,"minecraft:damage_blocked_by_shield":5084,"minecraft:drop":455,"minecraft:talked_to_villager":789,"minecraft:play_time":827278,"minecraft:deaths":13,"minecraft:jump":12884,"minecraft:walk_on_water_one_cm":91626,"minecraft:enchant_item":7,"minecraft:interact_with_furnace":118,"minecraft:traded_with_villager":951,"minecraft:sleep_in_bed":30,"minecraft:open_enderchest":9,"minecraft:damage_dealt":87239,"minecraft:crouch_one_cm":210507,"minecraft:interact_with_smoker":32,"minecraft:inspect_dispenser":11,"minecraft:horse_one_cm":264074,"minecraft:interact_with_smithing_table":12,"minecraft:interact_with_anvil":38,"minecraft:mob_kills":771,"minecraft:inspect_hopper":7,"minecraft:climb_one_cm":46668,"minecraft:walk_one_cm":2125319,"minecraft:sneak_time":60444,"minecraft:walk_under_water_one_cm":79796,"minecraft:boat_one_cm":7052,"minecraft:interact_with_blast_furnace":19,"minecraft:total_world_time":827278,"minecraft:interact_with_grindstone":1,"minecraft:time_since_rest":27552,"minecraft:damage_taken":13123,"minecraft:swim_one_cm":49245,"minecraft:fly_one_cm":2469023,"minecraft:open_chest":475,"minecraft:fall_one_cm":294493},"minecraft:killed":{"minecraft:cave_spider":1,"minecraft:zombified_piglin":90,"minecraft:witch":1,"minecraft:spider":15,"minecraft:skeleton":21,"minecraft:chicken":6,"minecraft:silverfish":1,"minecraft:piglin":6,"minecraft:pig":14,"minecraft:iron_golem":5,"minecraft:creeper":9,"minecraft:sheep":17,"minecraft:zombie":46,"minecraft:ghast":2,"minecraft:cow":7,"minecraft:phantom":1,"minecraft:hoglin":4,"minecraft:enderman":401},"minecraft:crafted":{"minecraft:smooth_stone":4,"minecraft:oak_planks":1528,"minecraft:oak_sign":3,"minecraft:cherry_slab":6,"minecraft:cooked_chicken":4,"minecraft:stone":7,"minecraft:lever":1,"minecraft:bookshelf":14,"minecraft:cooked_mutton":27,"minecraft:quartz_block":343,"minecraft:netherite_boots":1,"minecraft:diamond_helmet":2,"minecraft:bow":6,"minecraft:diamond_leggings":3,"minecraft:iron_boots":1,"minecraft:chest":8,"minecraft:netherite_helmet":1,"minecraft:netherite_upgrade_smithing_template":18,"minecraft:stone_hoe":1,"minecraft:oak_fence":63,"minecraft:cherry_fence":36,"minecraft:golden_boots":1,"minecraft:smoker":1,"minecraft:item_frame":1,"minecraft:oak_slab":12,"minecraft:deepslate":1,"minecraft:emerald":861,"minecraft:arrow":528,"minecraft:cooked_porkchop":39,"minecraft:diamond_axe":1,"minecraft:crafting_table":10,"minecraft:spruce_planks":460,"minecraft:wooden_pickaxe":2,"minecraft:iron_helmet":1,"minecraft:smithing_table":2,"minecraft:sticky_piston":1,"minecraft:birch_planks":64,"minecraft:end_stone_brick_slab":12,"minecraft:lectern":2,"minecraft:iron_chestplate":1,"minecraft:book":12,"minecraft:paper":102,"minecraft:diamond_pickaxe":4,"minecraft:yellow_dye":3,"minecraft:shield":3,"minecraft:stick":5258,"minecraft:iron_ingot":72,"minecraft:iron_pickaxe":1,"minecraft:iron_block":10,"minecraft:stone_sword":1,"minecraft:gold_ingot":119,"minecraft:light_gray_dye":1,"minecraft:netherite_ingot":8,"minecraft:golden_carrot":28,"minecraft:cherry_planks":268,"minecraft:tripwire_hook":32,"minecraft:netherite_sword":1,"minecraft:experience_bottle":12,"minecraft:furnace":2,"minecraft:blast_furnace":1,"minecraft:piston":1,"minecraft:bone_meal":6,"minecraft:white_carpet":3,"minecraft:flint_and_steel":1,"minecraft:netherite_chestplate":1,"minecraft:netherite_leggings":1,"minecraft:stone_pickaxe":1,"minecraft:diamond_boots":2,"minecraft:eye_armor_trim_smithing_template":6,"minecraft:netherite_scrap":37,"minecraft:golden_helmet":1,"minecraft:cherry_fence_gate":1,"minecraft:cooked_beef":19,"minecraft:netherite_pickaxe":1,"minecraft:diamond_sword":1,"minecraft:iron_sword":2,"minecraft:bucket":3,"minecraft:stone_axe":1,"minecraft:enchanted_book":26,"minecraft:air":0,"minecraft:blue_dye":3,"minecraft:oak_fence_gate":2,"minecraft:oak_boat":3,"minecraft:gold_nugget":198,"minecraft:iron_leggings":2,"minecraft:anvil":3,"minecraft:white_bed":1,"minecraft:torch":264,"minecraft:lapis_block":9,"minecraft:diamond_chestplate":3}},"DataVersion":3953}