{"stats":{"minecraft:broken":{"minecraft:golden_hoe":1,"minecraft:iron_axe":3,"minecraft:stone_axe":1},"minecraft:mined":{"minecraft:white_bed":6,"minecraft:cherry_log":209,"minecraft:cherry_sapling":15,"minecraft:stripped_cherry_log":1,"minecraft:grass_block":24,"minecraft:oxeye_daisy":3,"minecraft:azure_bluet":9,"minecraft:stone":5,"minecraft:cherry_stairs":12,"minecraft:white_wool":1,"minecraft:glass_pane":2,"minecraft:cherry_planks":249,"minecraft:dandelion":8,"minecraft:powder_snow":5,"minecraft:oak_fence":29,"minecraft:crafting_table":2,"minecraft:cornflower":8,"minecraft:torch":1,"minecraft:short_grass":120,"minecraft:chest":4,"minecraft:glass":23,"minecraft:tall_grass":21,"minecraft:oak_planks":11,"minecraft:wall_torch":2,"minecraft:pink_petals":44,"minecraft:cherry_fence":42,"minecraft:birch_leaves":47,"minecraft:cherry_door":3,"minecraft:oak_log":4,"minecraft:coal_ore":6,"minecraft:cherry_leaves":770,"minecraft:sunflower":31,"minecraft:flower_pot":1,"minecraft:dirt":1,"minecraft:oak_leaves":169},"minecraft:killed_by":{"minecraft:zombie":2},"minecraft:custom":{"minecraft:interact_with_smithing_table":3,"minecraft:mob_kills":9,"minecraft:interact_with_crafting_table":31,"minecraft:fill_cauldron":1,"minecraft:leave_game":11,"minecraft:time_since_death":64291,"minecraft:climb_one_cm":522,"minecraft:sprint_one_cm":988525,"minecraft:walk_one_cm":594282,"minecraft:drop":126,"minecraft:play_time":295589,"minecraft:deaths":4,"minecraft:sneak_time":12026,"minecraft:walk_under_water_one_cm":1148,"minecraft:jump":2265,"minecraft:interact_with_blast_furnace":1,"minecraft:walk_on_water_one_cm":6407,"minecraft:total_world_time":295589,"minecraft:interact_with_furnace":29,"minecraft:pot_flower":2,"minecraft:sleep_in_bed":19,"minecraft:time_since_rest":7533,"minecraft:damage_taken":3809,"minecraft:damage_dealt":2006,"minecraft:fly_one_cm":385621,"minecraft:open_chest":44,"minecraft:crouch_one_cm":19523,"minecraft:interact_with_smoker":1,"minecraft:fall_one_cm":79996,"minecraft:horse_one_cm":65526},"minecraft:used":{"minecraft:oak_fence":1,"minecraft:cherry_sapling":11,"minecraft:diamond_hoe":709,"minecraft:chest":5,"minecraft:torch":3,"minecraft:dirt":34,"minecraft:azure_bluet":4,"minecraft:glass":124,"minecraft:lava_bucket":1,"minecraft:lantern":16,"minecraft:iron_axe":646,"minecraft:cherry_slab":12,"minecraft:cherry_fence_gate":2,"minecraft:item_frame":1,"minecraft:bow":2,"minecraft:beef":2,"minecraft:cooked_beef":4,"minecraft:cherry_fence":98,"minecraft:cherry_log":231,"minecraft:water_bucket":2,"minecraft:oak_planks":10,"minecraft:wooden_pickaxe":20,"minecraft:cherry_planks":561,"minecraft:white_wool":1,"minecraft:golden_hoe":32,"minecraft:crafting_table":2,"minecraft:white_bed":6,"minecraft:painting":10,"minecraft:flower_pot":3,"minecraft:cornflower":6,"minecraft:cherry_door":2,"minecraft:sunflower":10,"minecraft:bread":67,"minecraft:stone_axe":137,"minecraft:pink_petals":65,"minecraft:cobblestone":2,"minecraft:cherry_stairs":53,"minecraft:bucket":1,"minecraft:glass_pane":32,"minecraft:yellow_bed":1},"minecraft:dropped":{"minecraft:bread":78,"minecraft:iron_helmet":1,"minecraft:item_frame":1,"minecraft:iron_leggings":1,"minecraft:iron_axe":6,"minecraft:smooth_stone":3,"minecraft:string":1,"minecraft:pink_petals":1,"minecraft:bucket":1,"minecraft:dandelion":1,"minecraft:gravel":3,"minecraft:cherry_sapling":26,"minecraft:rotten_flesh":18,"minecraft:iron_boots":1,"minecraft:cherry_slab":1,"minecraft:iron_chestplate":1,"minecraft:cherry_fence":1},"minecraft:crafted":{"minecraft:brick":56,"minecraft:cherry_planks":478,"minecraft:smooth_stone":3,"minecraft:oak_planks":14,"minecraft:cherry_pressure_plate":2,"minecraft:cherry_slab":12,"minecraft:diamond_hoe":1,"minecraft:yellow_bed":1,"minecraft:glass_pane":32,"minecraft:glass":136,"minecraft:iron_axe":2,"minecraft:cherry_stairs":52,"minecraft:chest":1,"minecraft:cherry_fence":56,"minecraft:flower_pot":1,"minecraft:cherry_fence_gate":2,"minecraft:cooked_beef":21,"minecraft:crafting_table":1,"minecraft:wooden_pickaxe":1,"minecraft:stone_axe":1,"minecraft:yellow_dye":1,"minecraft:stick":42,"minecraft:white_bed":1,"minecraft:golden_hoe":1},"minecraft:picked_up":{"minecraft:iron_chestplate":1,"minecraft:crafting_table":2,"minecraft:azure_bluet":11,"minecraft:flower_pot":2,"minecraft:wooden_pickaxe":2,"minecraft:stripped_cherry_log":1,"minecraft:cornflower":12,"minecraft:music_disc_cat":1,"minecraft:string":1,"minecraft:iron_axe":10,"minecraft:cherry_pressure_plate":2,"minecraft:iron_leggings":1,"minecraft:item_frame":4,"minecraft:beef":2,"minecraft:chest":4,"minecraft:birch_sapling":2,"minecraft:iron_boots":1,"minecraft:egg":1,"minecraft:golden_helmet":1,"minecraft:stick":71,"minecraft:cherry_stairs":20,"minecraft:oak_fence":30,"minecraft:torch":18,"minecraft:cherry_log":418,"minecraft:iron_horse_armor":1,"minecraft:arrow":4,"minecraft:rotten_flesh":31,"minecraft:mutton":2,"minecraft:obsidian":28,"minecraft:white_wool":24,"minecraft:cobblestone":5,"minecraft:oxeye_daisy":3,"minecraft:pink_petals":158,"minecraft:cooked_beef":14,"minecraft:cherry_planks":301,"minecraft:water_bucket":1,"minecraft:leather":32,"minecraft:oak_log":4,"minecraft:cherry_fence":43,"minecraft:lantern":30,"minecraft:cherry_door":5,"minecraft:dirt":29,"minecraft:bone":6,"minecraft:bow":2,"minecraft:wheat_seeds":47,"minecraft:oak_planks":12,"minecraft:music_disc_13":2,"minecraft:dandelion":10,"minecraft:lava_bucket":2,"minecraft:gravel":9,"minecraft:white_bed":6,"minecraft:spider_eye":2,"minecraft:iron_helmet":1,"minecraft:painting":12,"minecraft:cherry_sapling":111,"minecraft:bread":277,"minecraft:oak_sapling":14,"minecraft:cherry_slab":1,"minecraft:coal":18,"minecraft:sunflower":29},"minecraft:killed":{"minecraft:spider":2,"minecraft:skeleton":1,"minecraft:sheep":1,"minecraft:zombie":3,"minecraft:cow":1}},"DataVersion":3953}