{"stats":{"minecraft:picked_up":{"minecraft:flower_pot":2,"minecraft:anvil":1,"minecraft:smithing_table":5,"minecraft:lead":37,"minecraft:diamond_sword":5,"minecraft:oak_stairs":58,"minecraft:enchanted_book":8,"minecraft:brewing_stand":3,"minecraft:golden_sword":9,"minecraft:string":4052,"minecraft:shroomlight":49,"minecraft:cherry_boat":8,"minecraft:diamond_leggings":7,"minecraft:gold_nugget":1483,"minecraft:cobbled_deepslate":2653,"minecraft:spruce_planks":95,"minecraft:trial_key":15,"minecraft:enchanted_golden_apple":1,"minecraft:purpur_pillar":2,"minecraft:golden_axe":4,"minecraft:cherry_log":866,"minecraft:waxed_copper_grate":20,"minecraft:cauldron":6,"minecraft:stone_sword":1,"minecraft:honey_bottle":6,"minecraft:iron_block":2,"minecraft:end_rod":14,"minecraft:white_terracotta":33,"minecraft:waxed_cut_copper":1,"minecraft:blaze_rod":7,"minecraft:blackstone_stairs":1,"minecraft:magma_block":16,"minecraft:cooked_beef":9,"minecraft:cherry_leaves":119,"minecraft:water_bucket":9,"minecraft:smoker":5,"minecraft:flint":6,"minecraft:cherry_fence":3,"minecraft:rabbit":2,"minecraft:diamond_helmet":7,"minecraft:glowstone_dust":11,"minecraft:warped_wart_block":26,"minecraft:iron_hoe":2,"minecraft:dispenser":1,"minecraft:deepslate":44,"minecraft:granite":34,"minecraft:bread":1,"minecraft:cherry_slab":8,"minecraft:ominous_trial_key":7,"minecraft:crimson_roots":4,"minecraft:diamond_pickaxe":7,"minecraft:mud":39,"minecraft:crafting_table":22,"minecraft:ominous_bottle":3,"minecraft:music_disc_creator":2,"minecraft:purpur_block":38,"minecraft:wind_charge":54,"minecraft:cornflower":4,"minecraft:elytra":4,"minecraft:flow_banner_pattern":1,"minecraft:flint_and_steel":2,"minecraft:white_carpet":1,"minecraft:iron_shovel":3,"minecraft:netherite_sword":3,"minecraft:beef":58,"minecraft:chiseled_tuff":1,"minecraft:iron_nugget":3,"minecraft:poppy":64,"minecraft:minecart":22,"minecraft:guster_pottery_sherd":1,"minecraft:chest":12,"minecraft:diamond_hoe":3,"minecraft:lime_shulker_box":28,"minecraft:oak_door":2,"minecraft:flow_pottery_sherd":3,"minecraft:carrot":3155,"minecraft:redstone":97,"minecraft:netherite_pickaxe":2,"minecraft:waxed_oxidized_chiseled_copper":1,"minecraft:stone_shovel":1,"minecraft:diamond_chestplate":9,"minecraft:decorated_pot":12,"minecraft:beetroot_seeds":14,"minecraft:deepslate_bricks":536,"minecraft:shears":2,"minecraft:diamond_boots":7,"minecraft:hay_block":91,"minecraft:gold_ingot":30,"minecraft:totem_of_undying":2,"minecraft:tuff_bricks":32,"minecraft:white_shulker_box":2,"minecraft:mutton":22,"minecraft:white_wool":130,"minecraft:rail":175,"minecraft:oxeye_daisy":2,"minecraft:yellow_shulker_box":15,"minecraft:oak_log":26,"minecraft:ancient_debris":61,"minecraft:golden_boots":1,"minecraft:white_banner":6,"minecraft:apple":5,"minecraft:stone_bricks":4,"minecraft:oak_fence_gate":1,"minecraft:stone_pickaxe":3,"minecraft:cherry_sign":2,"minecraft:glass_bottle":5,"minecraft:iron_sword":5,"minecraft:gravel":143,"minecraft:spruce_sapling":238,"minecraft:spruce_log":3063,"minecraft:polished_tuff":3,"minecraft:dragon_egg":1,"minecraft:firework_rocket":16,"minecraft:diamond_shovel":9,"minecraft:slime_ball":166,"minecraft:stone_axe":3,"minecraft:diamond_axe":14,"minecraft:warped_roots":13,"minecraft:baked_potato":27,"minecraft:warped_nylium":10,"minecraft:hopper":9,"minecraft:ender_pearl":213,"minecraft:shulker_shell":24,"minecraft:wheat":170,"minecraft:ender_chest":79,"minecraft:yellow_wool":9,"minecraft:potion":6,"minecraft:crimson_planks":38,"minecraft:waxed_cut_copper_slab":3,"minecraft:raw_copper":76,"minecraft:deepslate_lapis_ore":5,"minecraft:iron_leggings":2,"minecraft:red_candle":6,"minecraft:pink_shulker_box":6,"minecraft:bucket":5,"minecraft:iron_pickaxe":3,"minecraft:furnace":2,"minecraft:tipped_arrow":154,"minecraft:stick":343,"minecraft:deepslate_brick_wall":33,"minecraft:oak_fence":23,"minecraft:torch":325,"minecraft:porkchop":24,"minecraft:netherite_shovel":1,"minecraft:pointed_dripstone":1,"minecraft:diorite":27,"minecraft:cactus":8,"minecraft:rotten_flesh":115,"minecraft:brown_shulker_box":23,"minecraft:deepslate_brick_stairs":1,"minecraft:obsidian":123,"minecraft:cobblestone":1260,"minecraft:pink_petals":1,"minecraft:magma_cream":2,"minecraft:cherry_planks":13,"minecraft:andesite":41,"minecraft:golden_leggings":3,"minecraft:potato":541,"minecraft:tuff":93,"minecraft:green_shulker_box":12,"minecraft:lapis_lazuli":473,"minecraft:dirt":5729,"minecraft:name_tag":1,"minecraft:bone":468,"minecraft:bow":17,"minecraft:wheat_seeds":570,"minecraft:orange_tulip":1,"minecraft:deepslate_brick_slab":30,"minecraft:raw_gold":101,"minecraft:bell":1,"minecraft:netherite_axe":1,"minecraft:mossy_stone_bricks":3,"minecraft:fletching_table":13,"minecraft:bamboo":2143,"minecraft:powered_rail":5,"minecraft:scrape_pottery_sherd":2,"minecraft:oak_planks":98,"minecraft:cooked_porkchop":7,"minecraft:music_disc_13":1,"minecraft:poisonous_potato":4,"minecraft:sand":879,"minecraft:grass_block":1323,"minecraft:diamond_block":1,"minecraft:shulker_box":59,"minecraft:mossy_cobblestone":2,"minecraft:sugar":2,"minecraft:yellow_carpet":3,"minecraft:diamond":276,"minecraft:waxed_oxidized_copper_grate":11,"minecraft:cracked_polished_blackstone_bricks":36,"minecraft:crossbow":10,"minecraft:breeze_rod":96,"minecraft:bone_meal":29,"minecraft:golden_apple":10,"minecraft:emerald":1244,"minecraft:oak_sapling":16,"minecraft:netherrack":6078,"minecraft:chorus_fruit":112,"minecraft:end_stone_bricks":15,"minecraft:cocoa_beans":3,"minecraft:waxed_oxidized_cut_copper":1,"minecraft:azure_bluet":5,"minecraft:ladder":75,"minecraft:brown_mushroom":3,"minecraft:gold_block":4,"minecraft:brick":96,"minecraft:shield":9,"minecraft:iron_axe":10,"minecraft:blackstone":74,"minecraft:oak_boat":22,"minecraft:light_gray_wool":2,"minecraft:lectern":910,"minecraft:blue_shulker_box":22,"minecraft:sugar_cane":326,"minecraft:cherry_trapdoor":9,"minecraft:phantom_membrane":3,"minecraft:raw_iron":164,"minecraft:end_stone":1128,"minecraft:copper_ingot":12,"minecraft:polished_blackstone_bricks":32,"minecraft:weeping_vines":1,"minecraft:arrow":1073,"minecraft:red_shulker_box":75,"minecraft:pink_tulip":1,"minecraft:saddle":5,"minecraft:basalt":5,"minecraft:golden_carrot":146,"minecraft:glow_ink_sac":6,"minecraft:crimson_stem":23,"minecraft:leather":49,"minecraft:waxed_copper_block":4,"minecraft:yellow_bed":10,"minecraft:nether_wart_block":6,"minecraft:cobbled_deepslate_stairs":5,"minecraft:gunpowder":33,"minecraft:cooked_mutton":22,"minecraft:iron_ingot":172,"minecraft:polished_tuff_slab":3,"minecraft:cooked_chicken":4,"minecraft:stripped_oak_wood":1,"minecraft:book":191,"minecraft:oak_slab":14,"minecraft:warped_fungus":1,"minecraft:emerald_block":1,"minecraft:birch_boat":2,"minecraft:quartz":131,"minecraft:dandelion":21,"minecraft:dripstone_block":3,"minecraft:amethyst_shard":4,"minecraft:blast_furnace":5,"minecraft:white_bed":117,"minecraft:spider_eye":45,"minecraft:cherry_sapling":264,"minecraft:damaged_anvil":1,"minecraft:end_stone_brick_slab":29,"minecraft:coal":234,"minecraft:chiseled_tuff_bricks":6,"minecraft:sunflower":3},"minecraft:used":{"minecraft:tuff_bricks":2,"minecraft:dispenser":4,"minecraft:elytra":209,"minecraft:ladder":182,"minecraft:poppy":6,"minecraft:chest":64,"minecraft:white_shulker_box":2,"minecraft:deepslate_brick_slab":48,"minecraft:azure_bluet":2,"minecraft:lava_bucket":23,"minecraft:netherite_shovel":2351,"minecraft:grass_block":816,"minecraft:netherite_hoe":90,"minecraft:cherry_leaves":107,"minecraft:bow":751,"minecraft:ominous_bottle":2,"minecraft:furnace":12,"minecraft:potato":278,"minecraft:deepslate_brick_wall":131,"minecraft:damaged_anvil":1,"minecraft:end_stone_bricks":318,"minecraft:powered_rail":8,"minecraft:wooden_pickaxe":46,"minecraft:purpur_pillar":2,"minecraft:golden_apple":7,"minecraft:sand":5,"minecraft:blast_furnace":8,"minecraft:netherite_helmet":1,"minecraft:deepslate_brick_stairs":13,"minecraft:crimson_fence_gate":2,"minecraft:lectern":929,"minecraft:cherry_sign":5,"minecraft:diamond_sword":1490,"minecraft:smithing_table":8,"minecraft:oak_boat":20,"minecraft:enchanting_table":1,"minecraft:trial_key":13,"minecraft:netherrack":3783,"minecraft:torch":121,"minecraft:anvil":7,"minecraft:brewing_stand":4,"minecraft:ancient_debris":1,"minecraft:warped_wart_block":10,"minecraft:red_shulker_box":73,"minecraft:iron_axe":76,"minecraft:cherry_fence_gate":1,"minecraft:bamboo":81,"minecraft:diamond_chestplate":167,"minecraft:basalt":3,"minecraft:cherry_fence":17,"minecraft:cherry_log":4,"minecraft:cobbled_deepslate":539,"minecraft:observer":3,"minecraft:wheat_seeds":386,"minecraft:water_bucket":938,"minecraft:yellow_shulker_box":15,"minecraft:waxed_oxidized_cut_copper":1,"minecraft:cherry_planks":147,"minecraft:cauldron":3,"minecraft:fletching_table":22,"minecraft:spruce_fence_gate":25,"minecraft:deepslate_bricks":1802,"minecraft:polished_blackstone_bricks":32,"minecraft:rail":182,"minecraft:oak_slab":9,"minecraft:crafting_table":26,"minecraft:white_bed":101,"minecraft:lime_shulker_box":29,"minecraft:cake":1,"minecraft:spruce_log":6,"minecraft:ender_eye":11,"minecraft:diamond_pickaxe":8491,"minecraft:cornflower":3,"minecraft:ominous_trial_key":6,"minecraft:diamond_shovel":4626,"minecraft:sunflower":2,"minecraft:wind_charge":28,"minecraft:iron_pickaxe":254,"minecraft:spruce_trapdoor":22,"minecraft:spruce_sapling":166,"minecraft:cobblestone":233,"minecraft:potion":45,"minecraft:cooked_porkchop":7,"minecraft:cherry_sapling":69,"minecraft:iron_shovel":1103,"minecraft:diamond_hoe":259,"minecraft:shield":161,"minecraft:decorated_pot":1,"minecraft:white_terracotta":12,"minecraft:iron_sword":538,"minecraft:bell":1,"minecraft:waxed_oxidized_chiseled_copper":1,"minecraft:carrot":1618,"minecraft:waxed_copper_grate":12,"minecraft:tuff":104,"minecraft:obsidian":76,"minecraft:honey_bottle":4,"minecraft:glass":122,"minecraft:waxed_oxidized_copper_grate":4,"minecraft:warped_nylium":1,"minecraft:hopper_minecart":2,"minecraft:blue_shulker_box":20,"minecraft:golden_boots":1,"minecraft:diamond_boots":1,"minecraft:stone_pickaxe":57,"minecraft:oak_planks":68,"minecraft:ender_pearl":59,"minecraft:end_stone_brick_slab":151,"minecraft:sugar_cane":4,"minecraft:diamond_axe":4228,"minecraft:white_wool":9,"minecraft:crossbow":48,"minecraft:end_stone":57,"minecraft:deepslate_lapis_ore":5,"minecraft:shears":158,"minecraft:cobbled_deepslate_stairs":10,"minecraft:redstone_torch":3,"minecraft:firework_rocket":49,"minecraft:string":12,"minecraft:gravel":5,"minecraft:grindstone":2,"minecraft:air":43,"minecraft:bone_meal":217,"minecraft:experience_bottle":24,"minecraft:oak_fence":6,"minecraft:cherry_boat":8,"minecraft:purpur_block":1,"minecraft:netherite_sword":1232,"minecraft:flint_and_steel":19,"minecraft:redstone":3,"minecraft:spruce_planks":210,"minecraft:ender_chest":79,"minecraft:brown_shulker_box":23,"minecraft:cooked_chicken":1,"minecraft:dirt":5473,"minecraft:white_carpet":17,"minecraft:hopper":30,"minecraft:diamond_helmet":1,"minecraft:shulker_box":55,"minecraft:granite":1,"minecraft:iron_hoe":1043,"minecraft:wooden_axe":24,"minecraft:bookshelf":28,"minecraft:cherry_trapdoor":14,"minecraft:golden_carrot":128,"minecraft:netherite_pickaxe":12085,"minecraft:minecart":23,"minecraft:cooked_beef":59,"minecraft:powder_snow_bucket":10,"minecraft:cooked_mutton":22,"minecraft:glass_bottle":83,"minecraft:netherite_chestplate":37,"minecraft:birch_boat":1,"minecraft:warped_roots":1,"minecraft:smoker":5,"minecraft:apple":1,"minecraft:cherry_door":1,"minecraft:cracked_polished_blackstone_bricks":19,"minecraft:netherite_axe":1119,"minecraft:stone_axe":46,"minecraft:pink_petals":1,"minecraft:green_shulker_box":12,"minecraft:cobbled_deepslate_slab":6,"minecraft:white_banner":2,"minecraft:pink_shulker_box":6,"minecraft:bucket":974,"minecraft:yellow_bed":13,"minecraft:splash_potion":1},"minecraft:broken":{"minecraft:golden_boots":1,"minecraft:diamond_helmet":2,"minecraft:diamond_pickaxe":2,"minecraft:iron_sword":2,"minecraft:bow":1,"minecraft:iron_hoe":4,"minecraft:shield":1,"minecraft:iron_pickaxe":1,"minecraft:iron_shovel":1},"minecraft:mined":{"minecraft:red_shulker_box":73,"minecraft:blackstone_stairs":1,"minecraft:white_bed":30,"minecraft:cherry_log":855,"minecraft:obsidian":119,"minecraft:granite":38,"minecraft:deepslate_bricks":541,"minecraft:chiseled_tuff_bricks":7,"minecraft:hopper":2,"minecraft:spawner":2,"minecraft:polished_blackstone_bricks":34,"minecraft:weeping_vines_plant":1,"minecraft:magma_block":21,"minecraft:cobbled_deepslate":68,"minecraft:fire":307,"minecraft:fletching_table":13,"minecraft:deepslate_lapis_ore":42,"minecraft:sculk_shrieker":4,"minecraft:potted_dandelion":1,"minecraft:water_cauldron":3,"minecraft:dirt_path":37,"minecraft:oak_stairs":30,"minecraft:deepslate_brick_stairs":1,"minecraft:pink_tulip":1,"minecraft:white_shulker_box":2,"minecraft:tripwire":12,"minecraft:brown_mushroom":3,"minecraft:deepslate_brick_wall":35,"minecraft:smoker":3,"minecraft:crimson_nylium":34,"minecraft:amethyst_cluster":1,"minecraft:powder_snow":11,"minecraft:torch":20,"minecraft:blast_furnace":5,"minecraft:glass":11,"minecraft:lime_shulker_box":28,"minecraft:sugar_cane":174,"minecraft:damaged_anvil":1,"minecraft:amethyst_block":2,"minecraft:white_terracotta":33,"minecraft:cherry_fence":3,"minecraft:waxed_copper_bulb":2,"minecraft:mud":40,"minecraft:wheat":189,"minecraft:waxed_copper_block":5,"minecraft:warped_fungus":1,"minecraft:infested_mossy_stone_bricks":1,"minecraft:smooth_basalt":2,"minecraft:blue_shulker_box":20,"minecraft:deepslate":2389,"minecraft:pink_shulker_box":6,"minecraft:mossy_cobblestone":37,"minecraft:cherry_sapling":6,"minecraft:end_stone":1143,"minecraft:shulker_box":54,"minecraft:waxed_oxidized_chiseled_copper":1,"minecraft:crimson_roots":2,"minecraft:cherry_wall_sign":1,"minecraft:redstone_ore":6,"minecraft:waxed_oxidized_cut_copper":1,"minecraft:waxed_copper_grate":23,"minecraft:andesite":42,"minecraft:chiseled_tuff":1,"minecraft:potatoes":143,"minecraft:cobblestone_slab":1,"minecraft:rail":176,"minecraft:warped_stem":13,"minecraft:bamboo_sapling":27,"minecraft:bamboo":151,"minecraft:white_wool":18,"minecraft:ender_chest":79,"minecraft:smithing_table":5,"minecraft:oak_slab":12,"minecraft:glass_pane":2,"minecraft:cherry_planks":5,"minecraft:dandelion":9,"minecraft:cornflower":1,"minecraft:short_grass":180,"minecraft:emerald_ore":2,"minecraft:warped_roots":1,"minecraft:copper_ore":14,"minecraft:purpur_pillar":2,"minecraft:tall_grass":40,"minecraft:deepslate_gold_ore":51,"minecraft:diorite":45,"minecraft:warped_wart_block":30,"minecraft:white_carpet":1,"minecraft:spruce_log":2999,"minecraft:sunflower":1,"minecraft:gravel":144,"minecraft:dripstone_block":1,"minecraft:cobweb":9,"minecraft:stone_bricks":2,"minecraft:gold_ore":13,"minecraft:waxed_cut_copper_slab":3,"minecraft:large_amethyst_bud":1,"minecraft:spruce_planks":1,"minecraft:farmland":3,"minecraft:cobbled_deepslate_stairs":5,"minecraft:sculk_vein":20,"minecraft:brewing_stand":3,"minecraft:cherry_trapdoor":9,"minecraft:budding_amethyst":1,"minecraft:grass_block":3686,"minecraft:cracked_polished_blackstone_bricks":36,"minecraft:tuff_bricks":65,"minecraft:gilded_blackstone":1,"minecraft:sculk_catalyst":4,"minecraft:iron_ore":95,"minecraft:polished_tuff":3,"minecraft:anvil":1,"minecraft:azure_bluet":1,"minecraft:polished_tuff_slab":2,"minecraft:end_stone_bricks":15,"minecraft:waxed_cut_copper":1,"minecraft:deepslate_redstone_ore":7,"minecraft:brown_shulker_box":23,"minecraft:blackstone":48,"minecraft:end_stone_brick_slab":33,"minecraft:calcite":2,"minecraft:poppy":1,"minecraft:chest":12,"minecraft:nether_quartz_ore":177,"minecraft:cobblestone":289,"minecraft:oak_planks":67,"minecraft:wall_torch":25,"minecraft:pink_petals":2,"minecraft:red_candle":2,"minecraft:warped_nylium":171,"minecraft:powered_rail":5,"minecraft:nether_wart_block":7,"minecraft:yellow_wool":9,"minecraft:stripped_oak_wood":2,"minecraft:orange_tulip":1,"minecraft:purpur_block":38,"minecraft:oak_log":26,"minecraft:beetroots":2,"minecraft:sand":881,"minecraft:dirt":3184,"minecraft:dispenser":1,"minecraft:netherrack":12431,"minecraft:ancient_debris":61,"minecraft:oak_leaves":103,"minecraft:nether_gold_ore":193,"minecraft:tuff":135,"minecraft:deepslate_diamond_ore":150,"minecraft:oak_door":2,"minecraft:glow_lichen":2,"minecraft:ladder":9,"minecraft:decorated_pot":38,"minecraft:spruce_leaves":339,"minecraft:crimson_stem":24,"minecraft:hay_block":91,"minecraft:deepslate_brick_slab":28,"minecraft:spruce_sapling":5,"minecraft:furnace":2,"minecraft:carrots":807,"minecraft:nether_sprouts":2,"minecraft:gold_block":5,"minecraft:bell":1,"minecraft:bookshelf":58,"minecraft:deepslate_iron_ore":20,"minecraft:shroomlight":51,"minecraft:lantern":2,"minecraft:chorus_plant":12,"minecraft:stone":1418,"minecraft:yellow_shulker_box":15,"minecraft:podzol":199,"minecraft:magenta_stained_glass":2,"minecraft:basalt":6,"minecraft:oak_fence":23,"minecraft:crafting_table":19,"minecraft:sculk_sensor":7,"minecraft:lectern":906,"minecraft:lapis_ore":20,"minecraft:sculk":246,"minecraft:cactus":4,"minecraft:green_shulker_box":12,"minecraft:waxed_oxidized_copper_grate":11,"minecraft:white_wall_banner":1,"minecraft:yellow_bed":10,"minecraft:coal_ore":123,"minecraft:cocoa":1,"minecraft:cherry_leaves":542,"minecraft:flower_pot":1,"minecraft:cracked_stone_bricks":1,"minecraft:mossy_stone_bricks":3},"minecraft:dropped":{"minecraft:crimson_stem":1,"minecraft:iron_sword":6,"minecraft:porkchop":12,"minecraft:lapis_lazuli":30,"minecraft:glow_ink_sac":6,"minecraft:glass_bottle":11,"minecraft:cooked_porkchop":5,"minecraft:crossbow":8,"minecraft:orange_tulip":1,"minecraft:weeping_vines":1,"minecraft:warped_roots":12,"minecraft:item_frame":1,"minecraft:emerald":1030,"minecraft:dirt":210,"minecraft:scrape_pottery_sherd":2,"minecraft:bone_block":71,"minecraft:gold_nugget":146,"minecraft:sunflower":1,"minecraft:bone_meal":20,"minecraft:sugar":2,"minecraft:iron_pickaxe":4,"minecraft:bone":36,"minecraft:waxed_cut_copper_slab":3,"minecraft:stone_axe":4,"minecraft:sugar_cane":6,"minecraft:iron_nugget":8,"minecraft:cooked_chicken":4,"minecraft:cobbled_deepslate":477,"minecraft:netherite_sword":1,"minecraft:wheat":1,"minecraft:obsidian":1,"minecraft:deepslate_brick_slab":6,"minecraft:rotten_flesh":109,"minecraft:oak_planks":2,"minecraft:end_stone":12,"minecraft:lime_dye":1,"minecraft:glowstone_dust":1,"minecraft:azure_bluet":2,"minecraft:white_bed":88,"minecraft:waxed_copper_block":4,"minecraft:tipped_arrow":102,"minecraft:red_candle":6,"minecraft:hopper":17,"minecraft:ladder":13,"minecraft:painting":1,"minecraft:spruce_slab":2,"minecraft:chiseled_tuff":1,"minecraft:warped_wart_block":16,"minecraft:lectern":1,"minecraft:crimson_planks":16,"minecraft:enchanted_book":2,"minecraft:iron_ingot":7,"minecraft:wheat_seeds":97,"minecraft:deepslate_brick_wall":10,"minecraft:dripstone_block":3,"minecraft:oak_fence":1,"minecraft:iron_helmet":2,"minecraft:cobblestone":379,"minecraft:book":18,"minecraft:waxed_copper_grate":6,"minecraft:apple":6,"minecraft:granite":33,"minecraft:coal":66,"minecraft:yellow_carpet":3,"minecraft:end_rod":13,"minecraft:oxeye_daisy":2,"minecraft:golden_carrot":10,"minecraft:wooden_axe":1,"minecraft:rabbit":1,"minecraft:cherry_planks":17,"minecraft:potion":7,"minecraft:iron_shovel":10,"minecraft:paper":4,"minecraft:string":2598,"minecraft:spruce_sapling":1,"minecraft:stone_sword":1,"minecraft:cocoa_beans":2,"minecraft:polished_tuff_slab":3,"minecraft:deepslate":44,"minecraft:stone_shovel":31,"minecraft:cherry_slab":20,"minecraft:potato":37,"minecraft:shroomlight":1,"minecraft:flower_pot":1,"minecraft:waxed_cut_copper":1,"minecraft:spruce_planks":85,"minecraft:diamond_pickaxe":3,"minecraft:pink_shulker_box":1,"minecraft:bamboo":49,"minecraft:spider_eye":45,"minecraft:stone_bricks":4,"minecraft:birch_boat":1,"minecraft:bow":13,"minecraft:magma_block":16,"minecraft:guster_pottery_sherd":1,"minecraft:birch_planks":2,"minecraft:diamond_axe":7,"minecraft:warped_fungus":1,"minecraft:baked_potato":13,"minecraft:ender_pearl":1410,"minecraft:decorated_pot":11,"minecraft:netherite_upgrade_smithing_template":7,"minecraft:lantern":21,"minecraft:leather":16,"minecraft:flint":4,"minecraft:cherry_trapdoor":6,"minecraft:cornflower":1,"minecraft:crimson_roots":3,"minecraft:gold_ingot":4,"minecraft:gravel":109,"minecraft:purpur_block":2,"minecraft:blackstone":53,"minecraft:chiseled_tuff_bricks":6,"minecraft:pointed_dripstone":2,"minecraft:cherry_sapling":7,"minecraft:diamond_shovel":4,"minecraft:honey_bottle":4,"minecraft:carrot":588,"minecraft:poppy":376,"minecraft:oak_fence_gate":1,"minecraft:gunpowder":14,"minecraft:beetroot_seeds":14,"minecraft:arrow":560,"minecraft:quartz":6,"minecraft:netherrack":1810,"minecraft:bread":174,"minecraft:water_bucket":3,"minecraft:oak_slab":6,"minecraft:cherry_log":196,"minecraft:mossy_cobblestone":2,"minecraft:minecart":1,"minecraft:diamond_leggings":1,"minecraft:poisonous_potato":4,"minecraft:golden_axe":3,"minecraft:lead":5,"minecraft:polished_tuff":3,"minecraft:copper_ingot":12,"minecraft:ominous_trial_key":1,"minecraft:grass_block":308,"minecraft:stick":168,"minecraft:diorite":25,"minecraft:torch":24,"minecraft:nether_wart_block":6,"minecraft:iron_leggings":2,"minecraft:iron_axe":11,"minecraft:bucket":2,"minecraft:dandelion":20,"minecraft:redstone":2,"minecraft:tuff_bricks":26,"minecraft:warped_nylium":9,"minecraft:flow_pottery_sherd":3,"minecraft:tuff":54,"minecraft:raw_iron":3,"minecraft:light_gray_wool":2,"minecraft:iron_hoe":1,"minecraft:smoker":1,"minecraft:shulker_box":3,"minecraft:deepslate_bricks":261,"minecraft:shield":4,"minecraft:trial_key":2,"minecraft:diamond_chestplate":3,"minecraft:iron_chestplate":1,"minecraft:andesite":13,"minecraft:mossy_stone_bricks":3,"minecraft:oak_boat":2,"minecraft:golden_leggings":3,"minecraft:oak_sapling":16,"minecraft:golden_sword":9,"minecraft:diamond_boots":1,"minecraft:slime_ball":4,"minecraft:stone_pickaxe":4,"minecraft:wooden_pickaxe":1,"minecraft:magma_cream":2,"minecraft:waxed_oxidized_copper_grate":7,"minecraft:brick":96},"minecraft:killed_by":{"minecraft:piglin_brute":2,"minecraft:hoglin":1},"minecraft:custom":{"minecraft:interact_with_crafting_table":269,"minecraft:open_barrel":33,"minecraft:bell_ring":13,"minecraft:leave_game":59,"minecraft:time_since_death":314846,"minecraft:damage_blocked_by_shield":6645,"minecraft:play_time":2489894,"minecraft:deaths":7,"minecraft:jump":48710,"minecraft:enchant_item":11,"minecraft:interact_with_furnace":230,"minecraft:traded_with_villager":3674,"minecraft:sleep_in_bed":96,"minecraft:damage_dealt":232075,"minecraft:interact_with_smoker":37,"minecraft:inspect_dispenser":64,"minecraft:use_cauldron":1,"minecraft:horse_one_cm":614034,"minecraft:interact_with_smithing_table":14,"minecraft:interact_with_anvil":73,"minecraft:inspect_hopper":41,"minecraft:sneak_time":186849,"minecraft:interact_with_blast_furnace":58,"minecraft:total_world_time":2489894,"minecraft:time_since_rest":75936,"minecraft:swim_one_cm":261152,"minecraft:fly_one_cm":10102820,"minecraft:open_chest":1481,"minecraft:fall_one_cm":842403,"minecraft:animals_bred":77,"minecraft:open_shulker_box":617,"minecraft:sprint_one_cm":7411695,"minecraft:drop":1057,"minecraft:talked_to_villager":2050,"minecraft:interact_with_brewingstand":2,"minecraft:walk_on_water_one_cm":292675,"minecraft:interact_with_loom":1,"minecraft:open_enderchest":298,"minecraft:crouch_one_cm":889878,"minecraft:mob_kills":2586,"minecraft:fill_cauldron":1,"minecraft:climb_one_cm":230066,"minecraft:walk_one_cm":5724978,"minecraft:raid_win":1,"minecraft:walk_under_water_one_cm":227292,"minecraft:boat_one_cm":35333,"minecraft:interact_with_grindstone":2,"minecraft:damage_taken":22640,"minecraft:damage_absorbed":252,"minecraft:minecart_one_cm":535,"minecraft:aviate_one_cm":4627122},"minecraft:killed":{"minecraft:shulker":41,"minecraft:skeleton":132,"minecraft:chicken":1,"minecraft:magma_cube":15,"minecraft:iron_golem":18,"minecraft:ender_dragon":1,"minecraft:pillager":18,"minecraft:donkey":1,"minecraft:zombie":108,"minecraft:cow":29,"minecraft:evoker":2,"minecraft:vindicator":9,"minecraft:wandering_trader":1,"minecraft:ravager":3,"minecraft:breeze":16,"minecraft:enderman":1502,"minecraft:zombified_piglin":102,"minecraft:witch":5,"minecraft:spider":37,"minecraft:silverfish":115,"minecraft:piglin_brute":10,"minecraft:piglin":43,"minecraft:pig":7,"minecraft:zombie_villager":3,"minecraft:creeper":23,"minecraft:sheep":15,"minecraft:trader_llama":6,"minecraft:stray":113,"minecraft:ghast":17,"minecraft:blaze":24,"minecraft:vex":7,"minecraft:slime":101,"minecraft:phantom":5,"minecraft:hoglin":8,"minecraft:wither_skeleton":5},"minecraft:crafted":{"minecraft:ender_chest":1,"minecraft:smooth_stone":6,"minecraft:blaze_powder":12,"minecraft:diamond_shovel":4,"minecraft:bookshelf":48,"minecraft:cooked_mutton":22,"minecraft:shulker_box":12,"minecraft:deepslate_brick_stairs":12,"minecraft:quartz_block":2,"minecraft:glass":620,"minecraft:diamond_helmet":4,"minecraft:diamond_leggings":4,"minecraft:white_shulker_box":1,"minecraft:glass_bottle":165,"minecraft:emerald":3401,"minecraft:cooked_porkchop":12,"minecraft:diamond_axe":8,"minecraft:smithing_table":1,"minecraft:fletching_table":13,"minecraft:painting":1,"minecraft:end_stone_brick_slab":228,"minecraft:lime_shulker_box":1,"minecraft:lectern":20,"minecraft:cherry_sign":6,"minecraft:stone_slab":6,"minecraft:iron_pickaxe":5,"minecraft:iron_block":21,"minecraft:gold_ingot":126,"minecraft:netherite_ingot":15,"minecraft:spruce_fence_gate":41,"minecraft:golden_carrot":212,"minecraft:stone_shovel":30,"minecraft:iron_nugget":171,"minecraft:experience_bottle":57,"minecraft:diamond_hoe":2,"minecraft:crimson_fence_gate":2,"minecraft:yellow_bed":3,"minecraft:blue_shulker_box":1,"minecraft:bone_meal":1172,"minecraft:pink_dye":1,"minecraft:white_carpet":12,"minecraft:cherry_trapdoor":12,"minecraft:lantern":21,"minecraft:netherite_axe":1,"minecraft:diamond":9,"minecraft:deepslate_brick_wall":114,"minecraft:ladder":162,"minecraft:spruce_slab":6,"minecraft:red_shulker_box":1,"minecraft:stone_pickaxe":1,"minecraft:diamond_boots":4,"minecraft:cobbled_deepslate_stairs":40,"minecraft:spruce_sapling":1,"minecraft:wheat":819,"minecraft:crossbow":2,"minecraft:netherite_pickaxe":2,"minecraft:enchanting_table":1,"minecraft:deepslate_brick_slab":36,"minecraft:glowstone":8,"minecraft:enchanted_book":55,"minecraft:golden_apple":1,"minecraft:flint":20,"minecraft:wooden_axe":1,"minecraft:iron_shovel":7,"minecraft:iron_leggings":2,"minecraft:white_bed":106,"minecraft:grindstone":1,"minecraft:oak_planks":224,"minecraft:cherry_slab":60,"minecraft:pink_shulker_box":1,"minecraft:sand":64,"minecraft:cherry_boat":2,"minecraft:stone":9,"minecraft:green_dye":2,"minecraft:bamboo_block":136,"minecraft:hopper":46,"minecraft:bow":4,"minecraft:iron_boots":2,"minecraft:chest":112,"minecraft:netherite_upgrade_smithing_template":44,"minecraft:rail":48,"minecraft:ender_eye":12,"minecraft:cherry_fence":99,"minecraft:spire_armor_trim_smithing_template":12,"minecraft:smoker":1,"minecraft:oak_slab":36,"minecraft:item_frame":1,"minecraft:arrow":464,"minecraft:crafting_table":7,"minecraft:spruce_planks":11988,"minecraft:wooden_pickaxe":1,"minecraft:iron_helmet":2,"minecraft:brown_dye":1,"minecraft:hopper_minecart":1,"minecraft:dispenser":3,"minecraft:spruce_trapdoor":22,"minecraft:book":18,"minecraft:iron_chestplate":3,"minecraft:paper":228,"minecraft:diamond_pickaxe":6,"minecraft:yellow_dye":1,"minecraft:shield":4,"minecraft:stick":25637,"minecraft:iron_ingot":229,"minecraft:green_shulker_box":1,"minecraft:redstone_torch":6,"minecraft:deepslate_bricks":2240,"minecraft:shears":9,"minecraft:cherry_planks":2804,"minecraft:cobbled_deepslate_slab":6,"minecraft:redstone":20,"minecraft:tripwire_hook":128,"minecraft:netherite_sword":1,"minecraft:blast_furnace":2,"minecraft:furnace":12,"minecraft:end_stone_bricks":528,"minecraft:flint_and_steel":1,"minecraft:yellow_shulker_box":1,"minecraft:polished_deepslate":2240,"minecraft:iron_axe":9,"minecraft:iron_hoe":5,"minecraft:lime_dye":2,"minecraft:brown_shulker_box":1,"minecraft:netherite_scrap":60,"minecraft:minecart":2,"minecraft:observer":3,"minecraft:cherry_fence_gate":1,"minecraft:cooked_beef":58,"minecraft:red_dye":1,"minecraft:bone_block":99,"minecraft:crimson_planks":88,"minecraft:diamond_sword":2,"minecraft:powered_rail":6,"minecraft:iron_sword":5,"minecraft:bucket":4,"minecraft:stone_axe":1,"minecraft:bread":273,"minecraft:air":0,"minecraft:blue_dye":1,"minecraft:oak_boat":2,"minecraft:gold_nugget":540,"minecraft:white_dye":10,"minecraft:netherite_shovel":1,"minecraft:anvil":7,"minecraft:torch":92,"minecraft:lapis_lazuli":12,"minecraft:diamond_chestplate":4,"minecraft:firework_rocket":60}},"DataVersion":3953}