{"stats":{"minecraft:broken":{"minecraft:stone_pickaxe":2,"minecraft:iron_axe":1,"minecraft:stone_axe":1,"minecraft:iron_pickaxe":1,"minecraft:stone_shovel":1},"minecraft:mined":{"minecraft:tuff":34,"minecraft:spruce_planks":27,"minecraft:white_bed":5,"minecraft:oak_sapling":1,"minecraft:deepslate_diamond_ore":4,"minecraft:cobbled_deepslate_stairs":1,"minecraft:cobblestone_stairs":4,"minecraft:cherry_log":9,"minecraft:grass_block":284,"minecraft:deepslate_bricks":2,"minecraft:raw_iron_block":1,"minecraft:furnace":2,"minecraft:iron_ore":10,"minecraft:cobbled_deepslate":8,"minecraft:andesite":11,"minecraft:stripped_spruce_log":1,"minecraft:peony":1,"minecraft:potatoes":88,"minecraft:red_tulip":2,"minecraft:deepslate_iron_ore":42,"minecraft:stripped_oak_log":2,"minecraft:bamboo_sapling":1,"minecraft:stone":292,"minecraft:crafting_table":3,"minecraft:cornflower":1,"minecraft:torch":1,"minecraft:short_grass":44,"minecraft:tall_grass":3,"minecraft:cobblestone":91,"minecraft:deepslate_gold_ore":4,"minecraft:lapis_ore":2,"minecraft:oak_planks":15,"minecraft:sculk":8,"minecraft:diorite":5,"minecraft:spruce_stairs":3,"minecraft:birch_log":7,"minecraft:wheat":79,"minecraft:spruce_log":203,"minecraft:orange_tulip":1,"minecraft:coal_ore":8,"minecraft:oak_log":70,"minecraft:cherry_leaves":5,"minecraft:sunflower":2,"minecraft:gravel":1,"minecraft:dirt":76,"minecraft:oak_leaves":24,"minecraft:deepslate":114},"minecraft:killed_by":{"minecraft:player":1},"minecraft:used":{"minecraft:iron_shovel":170,"minecraft:spruce_slab":6,"minecraft:stone_shovel":132,"minecraft:chest":3,"minecraft:spruce_planks":128,"minecraft:torch":16,"minecraft:dirt":133,"minecraft:mutton":1,"minecraft:spruce_stairs":25,"minecraft:red_tulip":2,"minecraft:iron_axe":237,"minecraft:bamboo":1,"minecraft:furnace":5,"minecraft:oak_sapling":14,"minecraft:potato":174,"minecraft:cooked_beef":3,"minecraft:cobbled_deepslate":10,"minecraft:wheat_seeds":220,"minecraft:cooked_mutton":6,"minecraft:diorite":1,"minecraft:cobblestone_stairs":20,"minecraft:spruce_door":4,"minecraft:stone_pickaxe":262,"minecraft:baked_potato":3,"minecraft:orange_tulip":1,"minecraft:wooden_pickaxe":27,"minecraft:composter":1,"minecraft:crafting_table":6,"minecraft:white_bed":5,"minecraft:cobbled_deepslate_stairs":13,"minecraft:spruce_log":95,"minecraft:oak_log":31,"minecraft:cornflower":1,"minecraft:apple":2,"minecraft:bread":35,"minecraft:iron_pickaxe":364,"minecraft:spruce_sapling":8,"minecraft:stone_axe":224,"minecraft:cobblestone":236,"minecraft:bone_meal":43},"minecraft:custom":{"minecraft:mob_kills":22,"minecraft:interact_with_crafting_table":36,"minecraft:open_barrel":1,"minecraft:leave_game":7,"minecraft:time_since_death":51935,"minecraft:climb_one_cm":12197,"minecraft:sprint_one_cm":371426,"minecraft:walk_one_cm":389637,"minecraft:drop":22,"minecraft:talked_to_villager":5,"minecraft:play_time":140468,"minecraft:deaths":2,"minecraft:sneak_time":12345,"minecraft:walk_under_water_one_cm":6815,"minecraft:jump":3673,"minecraft:walk_on_water_one_cm":13394,"minecraft:total_world_time":140468,"minecraft:interact_with_furnace":25,"minecraft:interact_with_cartography_table":2,"minecraft:sleep_in_bed":4,"minecraft:time_since_rest":12905,"minecraft:damage_taken":2647,"minecraft:damage_dealt":2724,"minecraft:swim_one_cm":38291,"minecraft:fly_one_cm":755666,"minecraft:open_chest":23,"minecraft:crouch_one_cm":40101,"minecraft:fall_one_cm":95264},"minecraft:crafted":{"minecraft:raw_iron":9,"minecraft:furnace":3,"minecraft:cobblestone_stairs":16,"minecraft:bone_meal":30,"minecraft:cooked_mutton":6,"minecraft:spruce_stairs":24,"minecraft:iron_axe":1,"minecraft:spruce_slab":102,"minecraft:stone_pickaxe":2,"minecraft:chest":3,"minecraft:cobbled_deepslate_stairs":12,"minecraft:cooked_beef":3,"minecraft:crafting_table":3,"minecraft:spruce_planks":224,"minecraft:baked_potato":27,"minecraft:wooden_pickaxe":1,"minecraft:spruce_door":3,"minecraft:birch_planks":28,"minecraft:stone_axe":3,"minecraft:bread":25,"minecraft:air":0,"minecraft:charcoal":17,"minecraft:stick":28,"minecraft:iron_ingot":43,"minecraft:iron_pickaxe":2,"minecraft:iron_shovel":1,"minecraft:composter":1,"minecraft:torch":12},"minecraft:dropped":{"minecraft:iron_sword":1,"minecraft:wheat_seeds":11,"minecraft:lapis_lazuli":13,"minecraft:poisonous_potato":1,"minecraft:chest_minecart":1,"minecraft:rail":8,"minecraft:stick":1,"minecraft:iron_axe":1,"minecraft:string":1,"minecraft:gravel":1,"minecraft:detector_rail":5,"minecraft:wheat":1,"minecraft:rotten_flesh":1,"minecraft:gunpowder":1,"minecraft:peony":3,"minecraft:andesite":11,"minecraft:spruce_slab":5},"minecraft:picked_up":{"minecraft:crafting_table":3,"minecraft:iron_chestplate":1,"minecraft:wheat":74,"minecraft:chest_minecart":1,"minecraft:enchanted_book":1,"minecraft:cornflower":1,"minecraft:string":3,"minecraft:iron_axe":1,"minecraft:iron_leggings":1,"minecraft:cobbled_deepslate":122,"minecraft:detector_rail":5,"minecraft:spruce_planks":27,"minecraft:beef":8,"minecraft:poppy":1,"minecraft:furnace":2,"minecraft:iron_boots":1,"minecraft:egg":4,"minecraft:stick":37,"minecraft:raw_iron":59,"minecraft:torch":5,"minecraft:spruce_stairs":3,"minecraft:cherry_log":9,"minecraft:diorite":5,"minecraft:rotten_flesh":1,"minecraft:stone_shovel":1,"minecraft:peony":3,"minecraft:red_tulip":2,"minecraft:glow_berries":6,"minecraft:mutton":7,"minecraft:white_wool":9,"minecraft:rail":8,"minecraft:cobblestone":411,"minecraft:stripped_oak_log":2,"minecraft:birch_log":7,"minecraft:andesite":11,"minecraft:leather":7,"minecraft:potato":318,"minecraft:birch_planks":18,"minecraft:tuff":33,"minecraft:oak_log":70,"minecraft:cobbled_deepslate_stairs":1,"minecraft:cobblestone_stairs":4,"minecraft:gunpowder":2,"minecraft:lapis_lazuli":26,"minecraft:dirt":359,"minecraft:bone":10,"minecraft:apple":3,"minecraft:bow":1,"minecraft:wheat_seeds":229,"minecraft:orange_tulip":1,"minecraft:raw_gold":4,"minecraft:stone_pickaxe":1,"minecraft:iron_ingot":1,"minecraft:bamboo":1,"minecraft:oak_planks":12,"minecraft:iron_sword":1,"minecraft:dandelion":2,"minecraft:poisonous_potato":1,"minecraft:raw_iron_block":1,"minecraft:gravel":1,"minecraft:stripped_spruce_log":1,"minecraft:spruce_sapling":16,"minecraft:white_bed":5,"minecraft:spruce_log":203,"minecraft:spruce_door":2,"minecraft:diamond":4,"minecraft:iron_helmet":1,"minecraft:cherry_sapling":15,"minecraft:bone_meal":22,"minecraft:bread":67,"minecraft:oak_sapling":31,"minecraft:coal":8,"minecraft:sunflower":1},"minecraft:killed":{"minecraft:skeleton":1,"minecraft:creeper":4,"minecraft:sheep":6,"minecraft:zombie":3,"minecraft:cow":5}},"DataVersion":3953}