{"stats":{"minecraft:picked_up":{"minecraft:charcoal":6,"minecraft:crafting_table":6,"minecraft:wheat":13,"minecraft:azure_bluet":87,"minecraft:chicken":30,"minecraft:oak_stairs":8,"minecraft:golden_shovel":2,"minecraft:brewing_stand":2,"minecraft:shield":1,"minecraft:cornflower":18,"minecraft:string":424,"minecraft:iron_shovel":1,"minecraft:beetroot":6,"minecraft:diamond_leggings":3,"minecraft:cobbled_deepslate":3,"minecraft:beef":21,"minecraft:white_tulip":30,"minecraft:rose_bush":7,"minecraft:poppy":358,"minecraft:iron_pickaxe":3,"minecraft:light_gray_wool":1,"minecraft:birch_sapling":21,"minecraft:furnace":9,"minecraft:egg":13,"minecraft:stick":121,"minecraft:raw_iron":10,"minecraft:stone":797,"minecraft:composter":2,"minecraft:torch":96,"minecraft:acacia_log":20,"minecraft:porkchop":43,"minecraft:cherry_log":435,"minecraft:pointed_dripstone":2,"minecraft:diorite":7,"minecraft:carrot":26,"minecraft:stone_sword":2,"minecraft:arrow":99,"minecraft:rotten_flesh":28,"minecraft:diamond_chestplate":4,"minecraft:beetroot_seeds":20,"minecraft:peony":27,"minecraft:deepslate_bricks":4,"minecraft:shears":2,"minecraft:diamond_boots":1,"minecraft:red_tulip":30,"minecraft:end_rod":12,"minecraft:mutton":42,"minecraft:white_wool":28,"minecraft:cobblestone":277,"minecraft:oxeye_daisy":9,"minecraft:birch_log":145,"minecraft:pink_petals":1171,"minecraft:birch_leaves":2,"minecraft:feather":42,"minecraft:cherry_leaves":4032,"minecraft:water_bucket":2,"minecraft:brown_wool":1,"minecraft:leather":19,"minecraft:potato":22,"minecraft:oak_log":293,"minecraft:golden_boots":1,"minecraft:gunpowder":2,"minecraft:stripped_birch_log":1,"minecraft:dirt":3870,"minecraft:cooked_mutton":17,"minecraft:leather_boots":1,"minecraft:bone":11,"minecraft:apple":12,"minecraft:bow":3,"minecraft:wheat_seeds":206,"minecraft:orange_tulip":27,"minecraft:stone_pickaxe":3,"minecraft:cooked_chicken":10,"minecraft:iron_ore":4,"minecraft:rabbit":1,"minecraft:diamond_helmet":3,"minecraft:iron_sword":2,"minecraft:oak_planks":531,"minecraft:acacia_sapling":5,"minecraft:dandelion":58,"minecraft:dripstone_block":3,"minecraft:gravel":6,"minecraft:spruce_sapling":2,"minecraft:spruce_log":2,"minecraft:white_bed":3,"minecraft:grass_block":48,"minecraft:lily_of_the_valley":3,"minecraft:shulker_box":1,"minecraft:leather_helmet":1,"minecraft:diamond_shovel":1,"minecraft:lime_dye":1,"minecraft:coal_ore":138,"minecraft:deepslate":13,"minecraft:stone_axe":2,"minecraft:short_grass":3,"minecraft:granite":37,"minecraft:bone_meal":179,"minecraft:cherry_sapling":88,"minecraft:gray_wool":2,"minecraft:baked_potato":1,"minecraft:black_wool":1,"minecraft:oak_sapling":68,"minecraft:cherry_slab":8,"minecraft:oak_leaves":381,"minecraft:coal":367,"minecraft:diamond_pickaxe":1,"minecraft:sunflower":36,"minecraft:ender_pearl":30},"minecraft:used":{"minecraft:peony":25,"minecraft:cherry_sapling":46,"minecraft:rose_bush":6,"minecraft:stone_sword":185,"minecraft:iron_shovel":3378,"minecraft:acacia_log":1,"minecraft:poppy":229,"minecraft:chest":6,"minecraft:shield":65,"minecraft:iron_sword":278,"minecraft:stone":116,"minecraft:cooked_chicken":23,"minecraft:stone_hoe":33,"minecraft:torch":342,"minecraft:dirt":3193,"minecraft:mutton":1,"minecraft:lily_of_the_valley":3,"minecraft:carrot":58,"minecraft:diamond_helmet":2,"minecraft:golden_shovel":205,"minecraft:granite":10,"minecraft:azure_bluet":87,"minecraft:iron_axe":545,"minecraft:birch_sapling":18,"minecraft:cherry_leaves":594,"minecraft:diamond_chestplate":2,"minecraft:bow":56,"minecraft:beef":1,"minecraft:oak_sapling":35,"minecraft:furnace":10,"minecraft:beetroot_seeds":18,"minecraft:egg":1,"minecraft:potato":18,"minecraft:cooked_beef":17,"minecraft:cherry_log":4,"minecraft:golden_boots":1,"minecraft:wheat_seeds":61,"minecraft:cooked_mutton":25,"minecraft:water_bucket":7,"minecraft:oak_planks":12,"minecraft:stone_pickaxe":170,"minecraft:ender_pearl":16,"minecraft:wooden_pickaxe":9,"minecraft:composter":1,"minecraft:oak_leaves":120,"minecraft:golden_hoe":32,"minecraft:crafting_table":9,"minecraft:white_bed":3,"minecraft:shears":4625,"minecraft:diamond_pickaxe":242,"minecraft:cornflower":18,"minecraft:apple":12,"minecraft:oxeye_daisy":9,"minecraft:iron_pickaxe":985,"minecraft:string":2,"minecraft:sunflower":15,"minecraft:bread":2,"minecraft:map":1,"minecraft:gravel":4,"minecraft:stone_axe":266,"minecraft:pink_petals":920,"minecraft:wooden_sword":9,"minecraft:cobblestone":96,"minecraft:cooked_porkchop":27,"minecraft:cooked_rabbit":1,"minecraft:bucket":7,"minecraft:dandelion":51,"minecraft:diamond_leggings":2,"minecraft:bone_meal":91},"minecraft:broken":{"minecraft:golden_hoe":1,"minecraft:iron_shovel":8,"minecraft:golden_boots":1,"minecraft:stone_sword":1,"minecraft:shears":18,"minecraft:golden_shovel":6,"minecraft:stone_pickaxe":1,"minecraft:iron_axe":3,"minecraft:stone_axe":2,"minecraft:iron_pickaxe":1},"minecraft:mined":{"minecraft:white_bed":3,"minecraft:oak_sapling":2,"minecraft:cherry_log":351,"minecraft:cherry_sapling":1,"minecraft:stripped_birch_log":1,"minecraft:brewing_stand":1,"minecraft:granite":28,"minecraft:acacia_log":11,"minecraft:grass_block":2520,"minecraft:composter":2,"minecraft:oxeye_daisy":12,"minecraft:furnace":7,"minecraft:carrots":1,"minecraft:iron_ore":11,"minecraft:cobbled_deepslate":1,"minecraft:peony":37,"minecraft:azure_bluet":96,"minecraft:red_tulip":31,"minecraft:potatoes":7,"minecraft:dirt_path":8,"minecraft:white_tulip":32,"minecraft:stone":963,"minecraft:tripwire":1,"minecraft:lily_of_the_valley":6,"minecraft:dandelion":57,"minecraft:cornflower":18,"minecraft:crafting_table":4,"minecraft:torch":28,"minecraft:short_grass":786,"minecraft:rose_bush":10,"minecraft:tall_grass":98,"minecraft:cobblestone":10,"minecraft:oak_planks":11,"minecraft:wall_torch":20,"minecraft:diorite":7,"minecraft:birch_sapling":2,"minecraft:pink_petals":405,"minecraft:birch_log":145,"minecraft:wheat":19,"minecraft:birch_leaves":21,"minecraft:orange_tulip":27,"minecraft:oak_log":221,"minecraft:coal_ore":338,"minecraft:beetroots":7,"minecraft:gravel":5,"minecraft:cherry_leaves":4253,"minecraft:sunflower":35,"minecraft:dripstone_block":3,"minecraft:dirt":977,"minecraft:oak_leaves":473,"minecraft:deepslate":13},"minecraft:dropped":{"minecraft:water_bucket":2,"minecraft:iron_sword":1,"minecraft:wheat_seeds":20,"minecraft:cooked_porkchop":2,"minecraft:cobblestone":47,"minecraft:item_frame":1,"minecraft:stick":20,"minecraft:torch":64,"minecraft:iron_shovel":1,"minecraft:furnace":1,"minecraft:stone_sword":1,"minecraft:cobbled_deepslate":2,"minecraft:cooked_mutton":5,"minecraft:shulker_box":1,"minecraft:shears":1,"minecraft:diamond_chestplate":1,"minecraft:stone_pickaxe":2},"minecraft:killed_by":{"minecraft:player":2,"minecraft:creeper":1,"minecraft:enderman":1},"minecraft:custom":{"minecraft:mob_kills":145,"minecraft:inspect_hopper":5,"minecraft:interact_with_crafting_table":112,"minecraft:bell_ring":3,"minecraft:leave_game":14,"minecraft:time_since_death":224300,"minecraft:climb_one_cm":1126,"minecraft:sprint_one_cm":1198004,"minecraft:walk_one_cm":1960788,"minecraft:damage_blocked_by_shield":2663,"minecraft:drop":42,"minecraft:talked_to_villager":35,"minecraft:play_time":768669,"minecraft:sneak_time":32846,"minecraft:deaths":4,"minecraft:walk_under_water_one_cm":5483,"minecraft:jump":12145,"minecraft:walk_on_water_one_cm":6581,"minecraft:total_world_time":768669,"minecraft:interact_with_furnace":128,"minecraft:traded_with_villager":167,"minecraft:sleep_in_bed":44,"minecraft:time_since_rest":16374,"minecraft:damage_taken":6993,"minecraft:damage_dealt":14866,"minecraft:swim_one_cm":9333,"minecraft:player_kills":1,"minecraft:fly_one_cm":2609235,"minecraft:open_chest":547,"minecraft:crouch_one_cm":119844,"minecraft:fall_one_cm":389871},"minecraft:killed":{"minecraft:spider":3,"minecraft:skeleton":16,"minecraft:chicken":30,"minecraft:pig":23,"minecraft:zombie_villager":1,"minecraft:creeper":8,"minecraft:sheep":32,"minecraft:zombie":23,"minecraft:cow":9},"minecraft:crafted":{"minecraft:cherry_planks":16,"minecraft:wooden_sword":1,"minecraft:oak_planks":96,"minecraft:coal":115,"minecraft:cooked_chicken":19,"minecraft:furnace":2,"minecraft:cooked_mutton":30,"minecraft:iron_axe":2,"minecraft:ender_pearl":12,"minecraft:stone_pickaxe":2,"minecraft:chest":6,"minecraft:stone_hoe":1,"minecraft:cooked_rabbit":1,"minecraft:golden_boots":1,"minecraft:cooked_beef":17,"minecraft:coal_block":5,"minecraft:item_frame":1,"minecraft:emerald":151,"minecraft:cooked_porkchop":29,"minecraft:crafting_table":4,"minecraft:wooden_pickaxe":1,"minecraft:iron_sword":1,"minecraft:golden_shovel":6,"minecraft:birch_planks":4,"minecraft:stone_axe":2,"minecraft:bread":2,"minecraft:air":0,"minecraft:diamond_pickaxe":1,"minecraft:charcoal":22,"minecraft:shield":1,"minecraft:stick":80,"minecraft:iron_ingot":55,"minecraft:stone_sword":2,"minecraft:iron_shovel":11,"minecraft:gold_ingot":10,"minecraft:acacia_planks":12,"minecraft:torch":364,"minecraft:shears":19,"minecraft:golden_hoe":1}},"DataVersion":3953}