{"stats":{"minecraft:picked_up":{"minecraft:iron_chestplate":1,"minecraft:wheat":5,"minecraft:smithing_table":1,"minecraft:lead":17,"minecraft:oak_stairs":3,"minecraft:enchanted_book":2,"minecraft:brewing_stand":2,"minecraft:polished_deepslate":1,"minecraft:string":68,"minecraft:raw_copper":40,"minecraft:iron_leggings":1,"minecraft:beetroot":1,"minecraft:cobbled_deepslate":2497,"minecraft:rose_bush":8,"minecraft:cobblestone_slab":1,"minecraft:iron_pickaxe":2,"minecraft:melon_slice":61,"minecraft:furnace":14,"minecraft:iron_boots":1,"minecraft:stick":75,"minecraft:oak_fence":6,"minecraft:torch":56,"minecraft:acacia_log":42,"minecraft:porkchop":80,"minecraft:cherry_log":151,"minecraft:pointed_dripstone":24,"minecraft:diorite":11,"minecraft:rotten_flesh":119,"minecraft:cod":3,"minecraft:cobblestone":553,"minecraft:birch_log":5,"minecraft:pink_petals":6,"minecraft:feather":24,"minecraft:cherry_planks":184,"minecraft:andesite":19,"minecraft:jungle_log":97,"minecraft:smoker":1,"minecraft:potato":14,"minecraft:flint":8,"minecraft:tuff":297,"minecraft:cherry_fence":5,"minecraft:lapis_lazuli":488,"minecraft:cherry_door":1,"minecraft:dirt":2830,"minecraft:bone":38,"minecraft:bow":1,"minecraft:wheat_seeds":121,"minecraft:raw_gold":74,"minecraft:grindstone":1,"minecraft:fletching_table":3,"minecraft:bamboo":15,"minecraft:oak_planks":38,"minecraft:cooked_porkchop":5,"minecraft:sand":192,"minecraft:dark_oak_log":79,"minecraft:diamond":66,"minecraft:crossbow":2,"minecraft:granite":19,"minecraft:bone_meal":1,"minecraft:bread":151,"minecraft:emerald":6,"minecraft:oak_sapling":31,"minecraft:netherrack":2,"minecraft:diamond_pickaxe":1,"minecraft:cocoa_beans":3,"minecraft:crafting_table":15,"minecraft:azure_bluet":2,"minecraft:chicken":18,"minecraft:clay_ball":100,"minecraft:wooden_pickaxe":1,"minecraft:gold_block":1,"minecraft:stripped_cherry_log":2,"minecraft:cornflower":8,"minecraft:iron_axe":1,"minecraft:iron_shovel":4,"minecraft:beef":105,"minecraft:oak_boat":4,"minecraft:poppy":9,"minecraft:lectern":1,"minecraft:sugar_cane":9,"minecraft:chest":4,"minecraft:phantom_membrane":1,"minecraft:cherry_trapdoor":1,"minecraft:egg":9,"minecraft:dark_oak_sapling":1,"minecraft:raw_iron":364,"minecraft:carrot":10,"minecraft:redstone":399,"minecraft:arrow":99,"minecraft:peony":2,"minecraft:deepslate_bricks":18,"minecraft:gold_ingot":29,"minecraft:glow_berries":6,"minecraft:mutton":26,"minecraft:white_wool":24,"minecraft:oxeye_daisy":3,"minecraft:tripwire_hook":1,"minecraft:glow_ink_sac":3,"minecraft:salmon":6,"minecraft:leather":62,"minecraft:birch_planks":1,"minecraft:oak_log":144,"minecraft:yellow_bed":1,"minecraft:cobbled_deepslate_stairs":7,"minecraft:gunpowder":14,"minecraft:apple":5,"minecraft:iron_ingot":61,"minecraft:glass_bottle":3,"minecraft:acacia_sapling":2,"minecraft:iron_sword":4,"minecraft:birch_boat":3,"minecraft:pumpkin":26,"minecraft:dandelion":38,"minecraft:raw_iron_block":1,"minecraft:dripstone_block":13,"minecraft:gravel":51,"minecraft:amethyst_shard":4,"minecraft:spruce_sapling":4,"minecraft:blast_furnace":1,"minecraft:white_bed":9,"minecraft:spruce_log":103,"minecraft:spider_eye":6,"minecraft:diamond_shovel":2,"minecraft:stone_axe":1,"minecraft:iron_helmet":1,"minecraft:diamond_axe":1,"minecraft:cherry_sapling":43,"minecraft:black_wool":1,"minecraft:coal":620,"minecraft:sunflower":2},"minecraft:used":{"minecraft:beetroot":1,"minecraft:cherry_sapling":20,"minecraft:polished_deepslate":1,"minecraft:iron_shovel":636,"minecraft:poppy":1,"minecraft:chest":8,"minecraft:shield":52,"minecraft:iron_sword":1001,"minecraft:iron_chestplate":1,"minecraft:carrot":4,"minecraft:tuff":64,"minecraft:iron_helmet":1,"minecraft:bow":7,"minecraft:furnace":17,"minecraft:egg":1,"minecraft:potato":3,"minecraft:stone_pickaxe":313,"minecraft:oak_planks":24,"minecraft:wooden_pickaxe":158,"minecraft:diamond_axe":146,"minecraft:white_wool":1,"minecraft:glow_berries":1,"minecraft:crossbow":10,"minecraft:dripstone_block":1,"minecraft:cobbled_deepslate_stairs":135,"minecraft:bread":96,"minecraft:lectern":1,"minecraft:gravel":19,"minecraft:diamond_sword":11,"minecraft:wooden_sword":61,"minecraft:grindstone":1,"minecraft:smithing_table":1,"minecraft:andesite":15,"minecraft:oak_boat":5,"minecraft:oak_fence":31,"minecraft:stone_sword":135,"minecraft:cooked_chicken":8,"minecraft:netherrack":1,"minecraft:torch":700,"minecraft:dirt":2615,"minecraft:granite":1,"minecraft:iron_axe":513,"minecraft:iron_boots":1,"minecraft:bamboo":8,"minecraft:beef":2,"minecraft:cherry_fence":16,"minecraft:cooked_beef":34,"minecraft:cobbled_deepslate":547,"minecraft:iron_leggings":1,"minecraft:cooked_mutton":14,"minecraft:water_bucket":49,"minecraft:baked_potato":28,"minecraft:birch_boat":4,"minecraft:cherry_planks":272,"minecraft:fletching_table":3,"minecraft:cobblestone_slab":2,"minecraft:deepslate_bricks":11,"minecraft:crafting_table":17,"minecraft:white_bed":8,"minecraft:cod":3,"minecraft:cornflower":1,"minecraft:diamond_pickaxe":3665,"minecraft:diamond_shovel":2343,"minecraft:cherry_door":2,"minecraft:chicken":1,"minecraft:iron_pickaxe":1617,"minecraft:stone_axe":188,"minecraft:pink_petals":6,"minecraft:fishing_rod":6,"minecraft:cobblestone":317,"minecraft:cooked_porkchop":31,"minecraft:bucket":53,"minecraft:yellow_bed":1,"minecraft:dandelion":2},"minecraft:broken":{"minecraft:stone_pickaxe":1,"minecraft:diamond_pickaxe":2,"minecraft:stone_axe":1,"minecraft:iron_sword":1,"minecraft:wooden_pickaxe":2,"minecraft:iron_axe":2,"minecraft:iron_pickaxe":3},"minecraft:mined":{"minecraft:white_bed":8,"minecraft:cobbled_deepslate_stairs":7,"minecraft:cherry_log":129,"minecraft:jungle_leaves":3,"minecraft:brewing_stand":2,"minecraft:granite":19,"minecraft:acacia_log":43,"minecraft:grass_block":1095,"minecraft:jungle_log":106,"minecraft:deepslate_bricks":19,"minecraft:spawner":3,"minecraft:tall_seagrass":4,"minecraft:raw_iron_block":1,"minecraft:iron_ore":229,"minecraft:cobbled_deepslate":76,"minecraft:pumpkin":28,"minecraft:fletching_table":3,"minecraft:deepslate_lapis_ore":17,"minecraft:pointed_dripstone":9,"minecraft:dirt_path":1,"minecraft:oak_stairs":2,"minecraft:deepslate_redstone_ore":78,"minecraft:smoker":1,"minecraft:powder_snow":50,"minecraft:clay":25,"minecraft:torch":6,"minecraft:blast_furnace":1,"minecraft:melon":14,"minecraft:chest":4,"minecraft:cobblestone":32,"minecraft:grindstone":1,"minecraft:sugar_cane":3,"minecraft:oak_planks":20,"minecraft:wall_torch":32,"minecraft:pink_petals":2,"minecraft:seagrass":1,"minecraft:cherry_fence":5,"minecraft:birch_log":5,"minecraft:wheat":6,"minecraft:oak_log":126,"minecraft:beetroots":1,"minecraft:sand":202,"minecraft:dirt":1558,"minecraft:netherrack":1,"minecraft:oak_leaves":70,"minecraft:deepslate":3402,"minecraft:tuff":428,"minecraft:dark_oak_leaves":1,"minecraft:deepslate_diamond_ore":64,"minecraft:cherry_sapling":1,"minecraft:stripped_cherry_log":1,"minecraft:dark_oak_log":80,"minecraft:glow_lichen":2,"minecraft:redstone_ore":12,"minecraft:furnace":14,"minecraft:andesite":20,"minecraft:gold_block":1,"minecraft:polished_deepslate":1,"minecraft:deepslate_iron_ore":136,"minecraft:cobblestone_slab":1,"minecraft:vine":27,"minecraft:bamboo":1,"minecraft:stone":448,"minecraft:white_wool":1,"minecraft:podzol":77,"minecraft:smithing_table":1,"minecraft:acacia_leaves":7,"minecraft:cherry_planks":153,"minecraft:dandelion":1,"minecraft:oak_fence":4,"minecraft:crafting_table":14,"minecraft:cornflower":1,"minecraft:short_grass":177,"minecraft:emerald_ore":2,"minecraft:rose_bush":8,"minecraft:lectern":1,"minecraft:tall_grass":38,"minecraft:copper_ore":10,"minecraft:lapis_ore":22,"minecraft:deepslate_gold_ore":64,"minecraft:diorite":6,"minecraft:birch_leaves":5,"minecraft:yellow_bed":1,"minecraft:coal_ore":447,"minecraft:cocoa":2,"minecraft:cherry_leaves":58,"minecraft:sunflower":1,"minecraft:gravel":51,"minecraft:dripstone_block":12,"minecraft:cobweb":41,"minecraft:gold_ore":6,"minecraft:fern":2},"minecraft:dropped":{"minecraft:iron_sword":1,"minecraft:lapis_lazuli":32,"minecraft:oak_log":1,"minecraft:crafting_table":1,"minecraft:crossbow":1,"minecraft:jungle_planks":4,"minecraft:flint":4,"minecraft:dirt":2,"minecraft:cornflower":3,"minecraft:bone_meal":15,"minecraft:iron_pickaxe":1,"minecraft:cherry_door":1,"minecraft:gravel":7,"minecraft:stone_axe":1,"minecraft:pointed_dripstone":6,"minecraft:rotten_flesh":9,"minecraft:diamond_shovel":2,"minecraft:gunpowder":4,"minecraft:acacia_sapling":2,"minecraft:arrow":4,"minecraft:enchanted_book":1,"minecraft:bread":2,"minecraft:wheat_seeds":36,"minecraft:cherry_log":10,"minecraft:lead":3,"minecraft:iron_helmet":1,"minecraft:oak_fence":1,"minecraft:feather":16,"minecraft:cobblestone":1,"minecraft:golden_apple":1,"minecraft:stick":8,"minecraft:cherry_planks":29,"minecraft:iron_leggings":1,"minecraft:raw_iron_block":1,"minecraft:string":5,"minecraft:bucket":1,"minecraft:acacia_planks":1,"minecraft:cocoa_beans":3,"minecraft:raw_iron":37,"minecraft:chicken":3,"minecraft:iron_boots":1,"minecraft:potato":73,"minecraft:peony":2,"minecraft:iron_chestplate":1,"minecraft:spider_eye":2,"minecraft:wooden_pickaxe":1,"minecraft:raw_gold":2},"minecraft:killed_by":{"minecraft:spider":1,"minecraft:skeleton":1},"minecraft:custom":{"minecraft:interact_with_crafting_table":84,"minecraft:open_barrel":1,"minecraft:leave_game":34,"minecraft:time_since_death":475990,"minecraft:sprint_one_cm":1945780,"minecraft:damage_blocked_by_shield":1374,"minecraft:drop":139,"minecraft:talked_to_villager":125,"minecraft:play_time":850466,"minecraft:deaths":5,"minecraft:jump":13122,"minecraft:interact_with_brewingstand":1,"minecraft:walk_on_water_one_cm":147141,"minecraft:enchant_item":6,"minecraft:interact_with_furnace":141,"minecraft:traded_with_villager":148,"minecraft:interact_with_loom":1,"minecraft:sleep_in_bed":18,"minecraft:damage_dealt":45154,"minecraft:player_kills":1,"minecraft:crouch_one_cm":71114,"minecraft:interact_with_smoker":6,"minecraft:mob_kills":320,"minecraft:interact_with_anvil":2,"minecraft:inspect_hopper":2,"minecraft:climb_one_cm":23247,"minecraft:walk_one_cm":2458796,"minecraft:sneak_time":23007,"minecraft:walk_under_water_one_cm":174159,"minecraft:boat_one_cm":28812,"minecraft:interact_with_blast_furnace":6,"minecraft:total_world_time":850466,"minecraft:time_since_rest":102,"minecraft:damage_taken":12790,"minecraft:swim_one_cm":149977,"minecraft:fly_one_cm":2071579,"minecraft:open_chest":276,"minecraft:fish_caught":4,"minecraft:fall_one_cm":309412},"minecraft:killed":{"minecraft:cave_spider":4,"minecraft:witch":1,"minecraft:spider":23,"minecraft:skeleton":38,"minecraft:chicken":19,"minecraft:pig":39,"minecraft:zombie_villager":1,"minecraft:salmon":8,"minecraft:creeper":6,"minecraft:sheep":19,"minecraft:pillager":1,"minecraft:zombie":93,"minecraft:cow":50,"minecraft:phantom":2,"minecraft:drowned":1},"minecraft:crafted":{"minecraft:oak_planks":306,"minecraft:cobblestone_slab":6,"minecraft:cooked_chicken":10,"minecraft:diamond_shovel":1,"minecraft:cooked_mutton":18,"minecraft:diamond_helmet":1,"minecraft:diamond_leggings":1,"minecraft:iron_boots":3,"minecraft:chest":6,"minecraft:oak_fence":33,"minecraft:cherry_fence":12,"minecraft:emerald":148,"minecraft:cooked_porkchop":36,"minecraft:crafting_table":6,"minecraft:iron_helmet":3,"minecraft:wooden_pickaxe":5,"minecraft:baked_potato":41,"minecraft:iron_chestplate":4,"minecraft:diamond_pickaxe":2,"minecraft:shield":3,"minecraft:stick":418,"minecraft:iron_ingot":164,"minecraft:iron_pickaxe":8,"minecraft:stone_sword":2,"minecraft:gold_ingot":6,"minecraft:cherry_planks":336,"minecraft:wooden_sword":1,"minecraft:fishing_rod":1,"minecraft:furnace":7,"minecraft:bone_meal":21,"minecraft:polished_deepslate":4,"minecraft:iron_axe":3,"minecraft:iron_hoe":1,"minecraft:stone_pickaxe":5,"minecraft:diamond_boots":1,"minecraft:cobbled_deepslate_stairs":128,"minecraft:cooked_beef":20,"minecraft:diamond_sword":1,"minecraft:iron_sword":5,"minecraft:bucket":6,"minecraft:stone_axe":3,"minecraft:bread":1,"minecraft:air":0,"minecraft:jungle_planks":4,"minecraft:golden_apple":2,"minecraft:iron_shovel":1,"minecraft:cherry_door":3,"minecraft:iron_leggings":3,"minecraft:acacia_planks":40,"minecraft:torch":760,"minecraft:clay":1,"minecraft:diamond_chestplate":1}},"DataVersion":3953}