{"stats":{"minecraft:used":{"minecraft:cherry_sapling":5,"minecraft:iron_shovel":919,"minecraft:dispenser":1,"minecraft:ladder":15,"minecraft:diamond_hoe":1560,"minecraft:chest":32,"minecraft:shield":38,"minecraft:stone":53,"minecraft:iron_sword":79,"minecraft:rotten_flesh":3,"minecraft:carrot":152,"minecraft:deepslate_brick_slab":20,"minecraft:tuff":1,"minecraft:obsidian":5,"minecraft:glass":5,"minecraft:lava_bucket":2,"minecraft:warped_nylium":2,"minecraft:bow":95,"minecraft:ominous_bottle":1,"minecraft:furnace":16,"minecraft:egg":1,"minecraft:potato":302,"minecraft:diamond_boots":2,"minecraft:oak_planks":8,"minecraft:stone_pickaxe":189,"minecraft:powered_rail":1,"minecraft:ender_pearl":28,"minecraft:wooden_pickaxe":3,"minecraft:composter":4,"minecraft:sugar_cane":3,"minecraft:diamond_axe":1694,"minecraft:glow_berries":5,"minecraft:blast_furnace":10,"minecraft:redstone_torch":11,"minecraft:crying_obsidian":1,"minecraft:melon_slice":26,"minecraft:bread":45,"minecraft:stone_button":1,"minecraft:lectern":83,"minecraft:nether_wart_block":4,"minecraft:diamond_sword":1562,"minecraft:oak_boat":10,"minecraft:bone_meal":9,"minecraft:cherry_boat":5,"minecraft:enchanting_table":1,"minecraft:flint_and_steel":1,"minecraft:stone_hoe":532,"minecraft:netherrack":622,"minecraft:torch":74,"minecraft:dirt":1591,"minecraft:anvil":1,"minecraft:raw_iron_block":1,"minecraft:shroomlight":5,"minecraft:iron_hoe":1170,"minecraft:bookshelf":8,"minecraft:iron_axe":451,"minecraft:cherry_slab":35,"minecraft:crimson_slab":27,"minecraft:cherry_trapdoor":84,"minecraft:crimson_planks":9,"minecraft:barrel":9,"minecraft:smooth_basalt":2,"minecraft:bamboo":305,"minecraft:glowstone":21,"minecraft:cooked_beef":17,"minecraft:cobbled_deepslate":59,"minecraft:cherry_log":147,"minecraft:pointed_dripstone":1,"minecraft:crimson_stem":17,"minecraft:wheat_seeds":11,"minecraft:cooked_mutton":14,"minecraft:water_bucket":273,"minecraft:warped_stem":1,"minecraft:baked_potato":41,"minecraft:birch_boat":3,"minecraft:cherry_planks":430,"minecraft:stonecutter":1,"minecraft:fletching_table":10,"minecraft:deepslate_bricks":862,"minecraft:rail":103,"minecraft:crafting_table":27,"minecraft:white_bed":65,"minecraft:smoker":9,"minecraft:diamond_pickaxe":2973,"minecraft:diamond_shovel":703,"minecraft:cherry_door":3,"minecraft:iron_pickaxe":927,"minecraft:stone_slab":50,"minecraft:spruce_sapling":1,"minecraft:stone_axe":3,"minecraft:potion":1,"minecraft:cherry_stairs":172,"minecraft:cobblestone":579,"minecraft:crimson_stairs":6,"minecraft:cooked_porkchop":16,"minecraft:bucket":278,"minecraft:yellow_bed":41},"minecraft:picked_up":{"minecraft:wheat":20,"minecraft:anvil":1,"minecraft:smithing_table":2,"minecraft:stone_slab":6,"minecraft:diamond_sword":8,"minecraft:oak_stairs":25,"minecraft:potion":1,"minecraft:enchanted_book":5,"minecraft:crimson_planks":25,"minecraft:brewing_stand":1,"minecraft:amethyst_block":6,"minecraft:string":384,"minecraft:iron_leggings":4,"minecraft:shroomlight":59,"minecraft:cherry_boat":11,"minecraft:diamond_leggings":3,"minecraft:cobbled_deepslate":345,"minecraft:bucket":2,"minecraft:spruce_planks":32,"minecraft:redstone_torch":10,"minecraft:calcite":6,"minecraft:azalea":1,"minecraft:iron_pickaxe":2,"minecraft:melon_slice":91,"minecraft:iron_boots":5,"minecraft:furnace":15,"minecraft:polished_blackstone_brick_slab":2,"minecraft:stick":295,"minecraft:oak_fence":24,"minecraft:torch":94,"minecraft:acacia_log":8,"minecraft:porkchop":25,"minecraft:cherry_log":853,"minecraft:pointed_dripstone":1,"minecraft:rotten_flesh":53,"minecraft:glowstone":87,"minecraft:obsidian":21,"minecraft:cobblestone":2352,"minecraft:birch_log":7,"minecraft:pink_petals":4,"minecraft:cooked_beef":37,"minecraft:cherry_planks":703,"minecraft:water_bucket":4,"minecraft:andesite":14,"minecraft:smoker":6,"minecraft:potato":467,"minecraft:flint":7,"minecraft:tuff":21,"minecraft:cherry_fence":16,"minecraft:cherry_door":3,"minecraft:lapis_lazuli":545,"minecraft:dirt":1691,"minecraft:bone":32,"minecraft:stonecutter":1,"minecraft:bow":9,"minecraft:wheat_seeds":145,"minecraft:deepslate_brick_slab":21,"minecraft:raw_gold":20,"minecraft:grindstone":1,"minecraft:fletching_table":12,"minecraft:diamond_helmet":2,"minecraft:glowstone_dust":324,"minecraft:bamboo":1416,"minecraft:moss_block":6,"minecraft:stone_hoe":2,"minecraft:oak_planks":89,"minecraft:cooked_porkchop":16,"minecraft:barrel":12,"minecraft:mossy_cobblestone":2,"minecraft:iron_hoe":3,"minecraft:yellow_carpet":9,"minecraft:diamond":122,"minecraft:granite":59,"minecraft:emerald":294,"minecraft:oak_sapling":2,"minecraft:cherry_slab":52,"minecraft:netherrack":1028,"minecraft:crimson_roots":30,"minecraft:diamond_pickaxe":7,"minecraft:crafting_table":31,"minecraft:azure_bluet":1,"minecraft:ominous_bottle":1,"minecraft:chicken":4,"minecraft:ladder":15,"minecraft:gold_block":4,"minecraft:shield":6,"minecraft:iron_axe":6,"minecraft:flint_and_steel":4,"minecraft:iron_shovel":9,"minecraft:beef":47,"minecraft:oak_boat":18,"minecraft:iron_nugget":22,"minecraft:poppy":1,"minecraft:minecart":11,"minecraft:lectern":85,"minecraft:sugar_cane":47,"minecraft:chest":20,"minecraft:phantom_membrane":17,"minecraft:cherry_trapdoor":67,"minecraft:egg":1,"minecraft:raw_iron":92,"minecraft:stone":236,"minecraft:cherry_stairs":285,"minecraft:oak_door":1,"minecraft:carrot":230,"minecraft:redstone":53,"minecraft:arrow":125,"minecraft:weeping_vines":2,"minecraft:stone_shovel":2,"minecraft:diamond_chestplate":6,"minecraft:deepslate_bricks":1025,"minecraft:shears":1,"minecraft:diamond_boots":2,"minecraft:saddle":1,"minecraft:glow_berries":2,"minecraft:mutton":48,"minecraft:crimson_slab":9,"minecraft:rail":102,"minecraft:white_wool":49,"minecraft:glow_ink_sac":22,"minecraft:crimson_stem":231,"minecraft:leather":46,"minecraft:birch_planks":7,"minecraft:oak_log":18,"minecraft:yellow_bed":46,"minecraft:nether_wart_block":44,"minecraft:gunpowder":7,"minecraft:paper":54,"minecraft:white_banner":3,"minecraft:cooked_mutton":1,"minecraft:kelp":23,"minecraft:warped_stem":1,"minecraft:iron_ingot":403,"minecraft:glass_bottle":9,"minecraft:book":41,"minecraft:oak_slab":2,"minecraft:smooth_basalt":4,"minecraft:birch_boat":5,"minecraft:quartz":27,"minecraft:dandelion":1,"minecraft:raw_iron_block":5,"minecraft:dripstone_block":13,"minecraft:gravel":23,"minecraft:crimson_stairs":18,"minecraft:amethyst_shard":74,"minecraft:spruce_sapling":3,"minecraft:blast_furnace":7,"minecraft:white_bed":73,"minecraft:spruce_log":77,"minecraft:crying_obsidian":1,"minecraft:spider_eye":12,"minecraft:iron_helmet":5,"minecraft:diamond_axe":1,"minecraft:cherry_sapling":40,"minecraft:warped_roots":12,"minecraft:baked_potato":4,"minecraft:warped_nylium":2,"minecraft:coal":657,"minecraft:ender_pearl":95},"minecraft:broken":{"minecraft:iron_shovel":1,"minecraft:diamond_pickaxe":1,"minecraft:diamond_hoe":1,"minecraft:iron_hoe":4,"minecraft:stone_hoe":4,"minecraft:iron_axe":1,"minecraft:iron_pickaxe":2,"minecraft:iron_helmet":1},"minecraft:mined":{"minecraft:white_bed":78,"minecraft:farmland":36,"minecraft:cherry_log":694,"minecraft:sculk_vein":217,"minecraft:brewing_stand":1,"minecraft:obsidian":9,"minecraft:cherry_trapdoor":48,"minecraft:cave_vines_plant":2,"minecraft:granite":23,"minecraft:budding_amethyst":6,"minecraft:acacia_log":8,"minecraft:grass_block":900,"minecraft:yellow_carpet":3,"minecraft:deepslate_bricks":575,"minecraft:polished_blackstone_brick_slab":1,"minecraft:weeping_vines_plant":1,"minecraft:raw_iron_block":5,"minecraft:sculk_catalyst":4,"minecraft:glowstone":63,"minecraft:iron_ore":28,"minecraft:barrel":9,"minecraft:cobbled_deepslate":2,"minecraft:fire":47,"minecraft:anvil":1,"minecraft:deepslate_lapis_ore":9,"minecraft:fletching_table":11,"minecraft:sculk_shrieker":2,"minecraft:pointed_dripstone":1,"minecraft:cave_vines":4,"minecraft:oak_stairs":53,"minecraft:deepslate_redstone_ore":4,"minecraft:blackstone":1,"minecraft:kelp_plant":5,"minecraft:smoker":6,"minecraft:crimson_nylium":48,"minecraft:amethyst_cluster":14,"minecraft:powder_snow":22,"minecraft:torch":19,"minecraft:blast_furnace":7,"minecraft:calcite":7,"minecraft:melon":8,"minecraft:chest":19,"minecraft:cobblestone":188,"minecraft:nether_quartz_ore":9,"minecraft:oak_planks":15,"minecraft:sugar_cane":32,"minecraft:grindstone":1,"minecraft:crimson_stairs":6,"minecraft:wall_torch":19,"minecraft:amethyst_block":9,"minecraft:cherry_slab":30,"minecraft:pink_petals":5,"minecraft:cherry_fence":8,"minecraft:warped_nylium":2,"minecraft:nether_wart_block":18,"minecraft:yellow_wool":1,"minecraft:birch_log":7,"minecraft:wheat":11,"minecraft:cherry_door":3,"minecraft:oak_log":19,"minecraft:dirt":760,"minecraft:crimson_planks":9,"minecraft:smooth_basalt":4,"minecraft:stonecutter":1,"minecraft:netherrack":797,"minecraft:oak_leaves":9,"minecraft:deepslate":356,"minecraft:nether_gold_ore":7,"minecraft:crying_obsidian":1,"minecraft:tuff":19,"minecraft:mossy_cobblestone":2,"minecraft:deepslate_diamond_ore":48,"minecraft:oak_door":1,"minecraft:ladder":1,"minecraft:crimson_roots":7,"minecraft:spruce_leaves":3,"minecraft:kelp":3,"minecraft:moss_block":1,"minecraft:crimson_stem":83,"minecraft:deepslate_brick_slab":7,"minecraft:furnace":13,"minecraft:carrots":52,"minecraft:andesite":14,"minecraft:gold_block":1,"minecraft:bookshelf":2,"minecraft:potatoes":112,"minecraft:shroomlight":23,"minecraft:deepslate_iron_ore":54,"minecraft:rail":62,"minecraft:warped_stem":1,"minecraft:packed_ice":1,"minecraft:bamboo_sapling":5,"minecraft:bamboo":130,"minecraft:stone":1350,"minecraft:cherry_stairs":174,"minecraft:white_wool":1,"minecraft:redstone_wall_torch":7,"minecraft:smithing_table":2,"minecraft:oak_slab":4,"minecraft:glass_pane":5,"minecraft:cherry_planks":471,"minecraft:oak_fence":23,"minecraft:crafting_table":25,"minecraft:short_grass":105,"minecraft:sculk_sensor":26,"minecraft:lectern":85,"minecraft:stone_slab":6,"minecraft:copper_ore":4,"minecraft:tall_grass":19,"minecraft:lapis_ore":6,"minecraft:deepslate_gold_ore":7,"minecraft:sculk":3198,"minecraft:diorite":15,"minecraft:warped_wart_block":1,"minecraft:redstone_torch":3,"minecraft:spruce_log":82,"minecraft:birch_leaves":2,"minecraft:yellow_bed":46,"minecraft:coal_ore":179,"minecraft:cherry_leaves":102,"minecraft:sunflower":1,"minecraft:gravel":3,"minecraft:dripstone_block":7,"minecraft:infested_stone":1,"minecraft:fern":7},"minecraft:dropped":{"minecraft:crimson_stem":50,"minecraft:moss_block":6,"minecraft:birch_planks":1,"minecraft:ender_pearl":1,"minecraft:crafting_table":1,"minecraft:weeping_vines":2,"minecraft:glow_berries":1,"minecraft:warped_roots":6,"minecraft:leather":11,"minecraft:rail":2,"minecraft:emerald":97,"minecraft:gold_block":1,"minecraft:dirt":26,"minecraft:stone_button":1,"minecraft:cherry_trapdoor":3,"minecraft:crimson_roots":12,"minecraft:phantom_membrane":5,"minecraft:iron_pickaxe":1,"minecraft:cherry_door":1,"minecraft:white_wool":4,"minecraft:bone":2,"minecraft:cherry_boat":3,"minecraft:iron_nugget":22,"minecraft:cobbled_deepslate":47,"minecraft:cherry_sapling":3,"minecraft:deepslate_brick_slab":7,"minecraft:rotten_flesh":30,"minecraft:oak_planks":1,"minecraft:glowstone_dust":48,"minecraft:azure_bluet":1,"minecraft:white_bed":2,"minecraft:poppy":1,"minecraft:glowstone":29,"minecraft:azalea":1,"minecraft:arrow":9,"minecraft:quartz":9,"minecraft:netherrack":39,"minecraft:lectern":2,"minecraft:enchanted_book":1,"minecraft:iron_ingot":1,"minecraft:wheat_seeds":14,"minecraft:cherry_log":108,"minecraft:minecart":1,"minecraft:dripstone_block":4,"minecraft:book":8,"minecraft:oak_fence":1,"minecraft:cobblestone":134,"minecraft:granite":12,"minecraft:coal":30,"minecraft:yellow_carpet":9,"minecraft:crimson_stairs":4,"minecraft:torch":1,"minecraft:nether_wart_block":10,"minecraft:iron_leggings":1,"minecraft:polished_blackstone_brick_slab":1,"minecraft:iron_axe":3,"minecraft:iron_shovel":2,"minecraft:string":36,"minecraft:pink_petals":4,"minecraft:bucket":1,"minecraft:composter":1,"minecraft:iron_boots":1,"minecraft:shears":2,"minecraft:deepslate_bricks":2,"minecraft:stone":34,"minecraft:yellow_bed":1,"minecraft:oak_boat":2,"minecraft:oak_sapling":1,"minecraft:barrel":2,"minecraft:spider_eye":6,"minecraft:bamboo":5,"minecraft:stone_pickaxe":1,"minecraft:bow":1},"minecraft:killed_by":{"minecraft:vindicator":3,"minecraft:piglin":3,"minecraft:warden":2},"minecraft:custom":{"minecraft:interact_with_crafting_table":149,"minecraft:open_barrel":45,"minecraft:open_shulker_box":4,"minecraft:bell_ring":61,"minecraft:eat_cake_slice":7,"minecraft:leave_game":27,"minecraft:time_since_death":272544,"minecraft:sprint_one_cm":2634668,"minecraft:damage_blocked_by_shield":2245,"minecraft:drop":149,"minecraft:talked_to_villager":374,"minecraft:play_time":1001801,"minecraft:deaths":13,"minecraft:jump":18138,"minecraft:walk_on_water_one_cm":146506,"minecraft:enchant_item":4,"minecraft:interact_with_furnace":89,"minecraft:traded_with_villager":432,"minecraft:sleep_in_bed":4,"minecraft:damage_dealt":76194,"minecraft:crouch_one_cm":303339,"minecraft:inspect_dispenser":13,"minecraft:horse_one_cm":138199,"minecraft:interact_with_smoker":32,"minecraft:use_cauldron":2,"minecraft:interact_with_anvil":9,"minecraft:mob_kills":601,"minecraft:fill_cauldron":1,"minecraft:climb_one_cm":49588,"minecraft:walk_one_cm":3905650,"minecraft:raid_win":1,"minecraft:sneak_time":82814,"minecraft:walk_under_water_one_cm":168501,"minecraft:boat_one_cm":87567,"minecraft:interact_with_blast_furnace":16,"minecraft:total_world_time":1001801,"minecraft:raid_trigger":1,"minecraft:interact_with_grindstone":1,"minecraft:interact_with_stonecutter":2,"minecraft:time_since_rest":272575,"minecraft:damage_taken":11669,"minecraft:swim_one_cm":121192,"minecraft:fly_one_cm":2842286,"minecraft:open_chest":306,"minecraft:fall_one_cm":346096},"minecraft:killed":{"minecraft:witch":1,"minecraft:skeleton":20,"minecraft:chicken":4,"minecraft:silverfish":1,"minecraft:wolf":1,"minecraft:magma_cube":5,"minecraft:piglin":7,"minecraft:pig":11,"minecraft:iron_golem":2,"minecraft:creeper":5,"minecraft:sheep":16,"minecraft:pillager":9,"minecraft:zombie":37,"minecraft:ghast":1,"minecraft:cow":23,"minecraft:vex":1,"minecraft:armadillo":1,"minecraft:endermite":1,"minecraft:vindicator":4,"minecraft:phantom":7,"minecraft:hoglin":2,"minecraft:ravager":1,"minecraft:enderman":430},"minecraft:crafted":{"minecraft:smooth_stone":9,"minecraft:oak_planks":72,"minecraft:barrel":4,"minecraft:cherry_slab":84,"minecraft:birch_boat":1,"minecraft:cherry_boat":1,"minecraft:stone":6,"minecraft:diamond_shovel":1,"minecraft:bookshelf":8,"minecraft:cooked_mutton":21,"minecraft:glass":64,"minecraft:diamond_helmet":1,"minecraft:bow":2,"minecraft:diamond_leggings":2,"minecraft:iron_boots":1,"minecraft:chest":13,"minecraft:rail":64,"minecraft:birch_button":2,"minecraft:stone_hoe":4,"minecraft:smoker":3,"minecraft:emerald":401,"minecraft:arrow":96,"minecraft:cooked_porkchop":16,"minecraft:diamond_axe":2,"minecraft:crafting_table":5,"minecraft:spruce_planks":308,"minecraft:iron_helmet":2,"minecraft:wooden_pickaxe":1,"minecraft:baked_potato":41,"minecraft:birch_planks":28,"minecraft:dispenser":1,"minecraft:book":19,"minecraft:paper":84,"minecraft:diamond_pickaxe":2,"minecraft:shield":2,"minecraft:stick":3308,"minecraft:iron_ingot":114,"minecraft:iron_pickaxe":4,"minecraft:iron_block":3,"minecraft:redstone_torch":1,"minecraft:composter":5,"minecraft:cherry_planks":1947,"minecraft:raw_iron":36,"minecraft:tripwire_hook":2,"minecraft:diamond_hoe":1,"minecraft:furnace":11,"minecraft:stone_button":2,"minecraft:blast_furnace":3,"minecraft:bone_meal":9,"minecraft:flint_and_steel":1,"minecraft:cherry_trapdoor":48,"minecraft:iron_axe":2,"minecraft:ladder":15,"minecraft:iron_hoe":5,"minecraft:cherry_stairs":144,"minecraft:stone_pickaxe":2,"minecraft:diamond_boots":1,"minecraft:minecart":3,"minecraft:cooked_beef":17,"minecraft:crimson_planks":56,"minecraft:diamond_sword":1,"minecraft:enchanting_table":1,"minecraft:powered_rail":6,"minecraft:crimson_slab":36,"minecraft:deepslate_brick_slab":18,"minecraft:iron_sword":1,"minecraft:bucket":3,"minecraft:stone_axe":1,"minecraft:glowstone":50,"minecraft:enchanted_book":16,"minecraft:air":0,"minecraft:crimson_stairs":4,"minecraft:iron_shovel":1,"minecraft:cherry_door":3,"minecraft:iron_leggings":1,"minecraft:stonecutter":1,"minecraft:anvil":1,"minecraft:white_bed":9,"minecraft:acacia_planks":32,"minecraft:torch":92,"minecraft:diamond_chestplate":1}},"DataVersion":3953}